"","cruise","moc_id","date_time","STATION_NUMBER","net_number","depth_m","temp_DegC","sal"
"1",8604,"8604_003_1","1986-06-25 02:21:11",3,1,87,22.21,35.21472
"2",8604,"8604_003_1","1986-06-25 02:21:15",3,1,88,22.17,35.21619
"3",8604,"8604_003_1","1986-06-25 02:21:19",3,1,89,22.09,35.23481
"4",8604,"8604_003_1","1986-06-25 02:21:23",3,1,90,21.97,35.23998
"5",8604,"8604_003_1","1986-06-25 02:21:27",3,1,91,21.95,35.22521
"6",8604,"8604_003_1","1986-06-25 02:21:31",3,1,93,21.92,35.22593
"7",8604,"8604_003_1","1986-06-25 02:21:35",3,1,94,21.86,35.22838
"8",8604,"8604_003_1","1986-06-25 02:21:39",3,1,95,21.75,35.23319
"9",8604,"8604_003_1","1986-06-25 02:21:43",3,1,97,21.71,35.21901
"10",8604,"8604_003_1","1986-06-25 02:21:46",3,1,97,21.6,35.21654
"11",8604,"8604_003_1","1986-06-25 02:21:50",3,1,98,21.56,35.21811
"12",8604,"8604_003_1","1986-06-25 02:21:54",3,1,100,21.52,35.21164
"13",8604,"8604_003_1","1986-06-25 02:21:58",3,1,100,21.51,35.21212
"14",8604,"8604_003_1","1986-06-25 02:22:03",3,1,102,21.5,35.2119
"15",8604,"8604_003_1","1986-06-25 02:22:07",3,1,103,21.5,35.19615
"16",8604,"8604_003_1","1986-06-25 02:22:11",3,1,104,21.47,35.21266
"17",8604,"8604_003_1","1986-06-25 02:22:15",3,1,106,21.42,35.21439
"18",8604,"8604_003_1","1986-06-25 02:22:19",3,1,106,21.41,35.21487
"19",8604,"8604_003_1","1986-06-25 02:22:23",3,1,107,21.3,35.21218
"20",8604,"8604_003_1","1986-06-25 02:22:27",3,1,108,21.17,35.21824
"21",8604,"8604_003_1","1986-06-25 02:22:31",3,1,109,21.06,35.21563
"22",8604,"8604_003_1","1986-06-25 02:22:35",3,1,110,21,35.21056
"23",8604,"8604_003_1","1986-06-25 02:22:39",3,1,111,20.96,35.21222
"24",8604,"8604_003_1","1986-06-25 02:22:43",3,1,112,20.94,35.20515
"25",8604,"8604_003_1","1986-06-25 02:22:47",3,1,113,20.74,35.21501
"26",8604,"8604_003_1","1986-06-25 02:22:50",3,1,114,20.7,35.18568
"27",8604,"8604_003_1","1986-06-25 02:22:54",3,1,114,20.65,35.18826
"28",8604,"8604_003_1","1986-06-25 02:22:58",3,1,116,20.55,35.18497
"29",8604,"8604_003_1","1986-06-25 02:23:03",3,1,117,20.41,35.15307
"30",8604,"8604_003_1","1986-06-25 02:23:07",3,1,118,20.33,35.14915
"31",8604,"8604_003_1","1986-06-25 02:23:11",3,1,119,20.3,35.14259
"32",8604,"8604_003_1","1986-06-25 02:23:15",3,1,120,20.27,35.14381
"33",8604,"8604_003_1","1986-06-25 02:23:19",3,1,122,20.26,35.14364
"34",8604,"8604_003_1","1986-06-25 02:23:23",3,1,121,20.27,35.14346
"35",8604,"8604_003_1","1986-06-25 02:23:27",3,1,123,20.24,35.15214
"36",8604,"8604_003_2","1986-06-25 02:31:10",3,2,202,16.67,34.70983
"37",8604,"8604_003_2","1986-06-25 02:31:14",3,2,202,16.61,34.70573
"38",8604,"8604_003_2","1986-06-25 02:31:18",3,2,202,16.63,34.70442
"39",8604,"8604_003_2","1986-06-25 02:32:18",3,2,202,16.62,34.71308
"40",8604,"8604_003_2","1986-06-25 02:32:22",3,2,201,16.67,34.71022
"41",8604,"8604_003_2","1986-06-25 02:32:26",3,2,201,16.68,34.71758
"42",8604,"8604_003_2","1986-06-25 02:32:30",3,2,200,16.73,34.71472
"43",8604,"8604_003_2","1986-06-25 02:32:34",3,2,200,16.75,34.72143
"44",8604,"8604_003_2","1986-06-25 02:32:38",3,2,201,16.72,34.71497
"45",8604,"8604_003_2","1986-06-25 02:32:42",3,2,201,16.71,34.71564
"46",8604,"8604_003_2","1986-06-25 02:32:46",3,2,200,16.7,34.73266
"47",8604,"8604_003_2","1986-06-25 02:32:50",3,2,199,16.75,34.7218
"48",8604,"8604_003_2","1986-06-25 02:32:54",3,2,199,16.79,34.72722
"49",8604,"8604_003_2","1986-06-25 02:32:58",3,2,199,16.84,34.732
"50",8604,"8604_003_2","1986-06-25 02:33:03",3,2,198,16.86,34.73909
"51",8604,"8604_003_2","1986-06-25 02:33:06",3,2,198,16.9,34.74451
"52",8604,"8604_003_2","1986-06-25 02:33:10",3,2,196,16.96,34.75741
"53",8604,"8604_003_2","1986-06-25 02:33:14",3,2,198,16.97,34.74004
"54",8604,"8604_003_2","1986-06-25 02:33:18",3,2,198,16.95,34.74929
"55",8604,"8604_003_2","1986-06-25 02:33:22",3,2,198,16.92,34.75921
"56",8604,"8604_003_2","1986-06-25 02:33:26",3,2,199,16.91,34.73549
"57",8604,"8604_003_2","1986-06-25 02:33:30",3,2,199,16.85,34.73135
"58",8604,"8604_003_2","1986-06-25 02:33:34",3,2,199,16.85,34.73135
"59",8604,"8604_003_2","1986-06-25 02:33:38",3,2,199,16.85,34.74735
"60",8604,"8604_003_2","1986-06-25 02:33:42",3,2,199,16.82,34.73328
"61",8604,"8604_003_2","1986-06-25 02:33:46",3,2,200,16.78,34.72748
"62",8604,"8604_003_2","1986-06-25 02:33:50",3,2,200,16.81,34.72555
"63",8604,"8604_003_2","1986-06-25 02:33:54",3,2,200,16.75,34.72944
"64",8604,"8604_003_2","1986-06-25 02:33:58",3,2,200,16.78,34.72748
"65",8604,"8604_003_2","1986-06-25 02:34:03",3,2,199,16.91,34.74348
"66",8604,"8604_003_2","1986-06-25 02:34:07",3,2,199,16.91,34.74348
"67",8604,"8604_003_2","1986-06-25 02:34:10",3,2,199,16.92,34.75085
"68",8604,"8604_003_2","1986-06-25 02:34:14",3,2,197,16.96,34.75704
"69",8604,"8604_003_2","1986-06-25 02:34:18",3,2,197,17,34.76245
"70",8604,"8604_003_2","1986-06-25 02:34:22",3,2,197,17.1,34.78005
"71",8604,"8604_003_2","1986-06-25 02:34:26",3,2,197,17.12,34.77079
"72",8604,"8604_003_2","1986-06-25 02:34:30",3,2,197,17.12,34.77079
"73",8604,"8604_003_2","1986-06-25 02:34:34",3,2,198,17.08,34.75698
"74",8604,"8604_003_2","1986-06-25 02:34:38",3,2,197,17.05,34.76725
"75",8604,"8604_003_2","1986-06-25 02:34:42",3,2,196,17.1,34.77244
"76",8604,"8604_003_2","1986-06-25 02:34:46",3,2,196,17.1,34.78042
"77",8604,"8604_003_2","1986-06-25 02:34:50",3,2,195,17.12,34.76358
"78",8604,"8604_003_2","1986-06-25 02:34:54",3,2,195,17.14,34.77027
"79",8604,"8604_003_2","1986-06-25 02:34:58",3,2,195,17.13,34.77887
"80",8604,"8604_003_2","1986-06-25 02:35:03",3,2,194,17.15,34.77799
"81",8604,"8604_003_2","1986-06-25 02:35:07",3,2,193,17.16,34.77774
"82",8604,"8604_003_2","1986-06-25 02:35:11",3,2,194,17.14,34.77864
"83",8604,"8604_003_2","1986-06-25 02:35:14",3,2,194,17.13,34.77128
"84",8604,"8604_003_2","1986-06-25 02:35:18",3,2,195,17.13,34.7709
"85",8604,"8604_003_2","1986-06-25 02:35:22",3,2,193,17.16,34.78572
"86",8604,"8604_003_2","1986-06-25 02:35:26",3,2,192,17.16,34.77812
"87",8604,"8604_003_2","1986-06-25 02:35:30",3,2,192,17.22,34.7823
"88",8604,"8604_003_2","1986-06-25 02:35:34",3,2,192,17.25,34.79635
"89",8604,"8604_003_2","1986-06-25 02:35:38",3,2,191,17.3,34.79358
"90",8604,"8604_003_2","1986-06-25 02:35:42",3,2,190,17.33,34.81596
"91",8604,"8604_003_2","1986-06-25 02:35:46",3,2,190,17.41,34.79504
"92",8604,"8604_003_2","1986-06-25 02:35:50",3,2,191,17.32,34.80029
"93",8604,"8604_003_2","1986-06-25 02:35:54",3,2,191,17.19,34.80052
"94",8604,"8604_003_2","1986-06-25 02:35:58",3,2,192,17.2,34.78357
"95",8604,"8604_003_2","1986-06-25 02:36:02",3,2,191,17.17,34.77786
"96",8604,"8604_003_2","1986-06-25 02:36:06",3,2,192,17.15,34.78672
"97",8604,"8604_003_2","1986-06-25 02:36:10",3,2,193,17.14,34.77902
"98",8604,"8604_003_2","1986-06-25 02:36:14",3,2,193,17.14,34.77104
"99",8604,"8604_003_2","1986-06-25 02:36:18",3,2,193,17.13,34.77166
"100",8604,"8604_003_2","1986-06-25 02:36:22",3,2,194,17.12,34.77991
"101",8604,"8604_003_2","1986-06-25 02:36:26",3,2,194,17.12,34.77991
"102",8604,"8604_003_2","1986-06-25 02:36:30",3,2,194,17.12,34.77194
"103",8604,"8604_003_2","1986-06-25 02:36:34",3,2,193,17.13,34.77166
"104",8604,"8604_003_2","1986-06-25 02:36:38",3,2,193,17.14,34.77104
"105",8604,"8604_003_2","1986-06-25 02:36:42",3,2,192,17.14,34.78736
"106",8604,"8604_003_2","1986-06-25 02:36:46",3,2,192,17.18,34.77685
"107",8604,"8604_003_2","1986-06-25 02:36:50",3,2,191,17.19,34.78458
"108",8604,"8604_003_2","1986-06-25 02:36:54",3,2,190,17.18,34.78558
"109",8604,"8604_003_2","1986-06-25 02:36:58",3,2,191,17.17,34.78584
"110",8604,"8604_003_2","1986-06-25 02:37:02",3,2,192,17.17,34.77748
"111",8604,"8604_003_2","1986-06-25 02:37:06",3,2,192,17.16,34.77014
"112",8604,"8604_003_2","1986-06-25 02:37:10",3,2,192,17.15,34.77875
"113",8604,"8604_003_2","1986-06-25 02:37:14",3,2,192,17.15,34.77875
"114",8604,"8604_003_2","1986-06-25 02:37:18",3,2,192,17.17,34.77748
"115",8604,"8604_003_2","1986-06-25 02:37:22",3,2,190,17.17,34.77824
"116",8604,"8604_003_2","1986-06-25 02:37:26",3,2,191,17.17,34.77786
"117",8604,"8604_003_2","1986-06-25 02:37:30",3,2,190,17.21,34.78369
"118",8604,"8604_003_2","1986-06-25 02:37:34",3,2,189,17.22,34.79141
"119",8604,"8604_003_2","1986-06-25 02:37:38",3,2,190,17.35,34.78286
"120",8604,"8604_003_2","1986-06-25 02:37:42",3,2,189,17.42,34.82663
"121",8604,"8604_003_2","1986-06-25 02:37:46",3,2,189,17.46,34.80822
"122",8604,"8604_003_2","1986-06-25 02:37:50",3,2,189,17.49,34.81431
"123",8604,"8604_003_2","1986-06-25 02:37:54",3,2,190,17.49,34.81393
"124",8604,"8604_003_2","1986-06-25 02:37:58",3,2,190,17.49,34.81393
"125",8604,"8604_003_2","1986-06-25 02:38:03",3,2,191,17.29,34.80218
"126",8604,"8604_003_2","1986-06-25 02:38:07",3,2,192,17.28,34.78649
"127",8604,"8604_003_2","1986-06-25 02:38:10",3,2,191,17.22,34.79065
"128",8604,"8604_003_2","1986-06-25 02:38:14",3,2,192,17.31,34.79257
"129",8604,"8604_003_2","1986-06-25 02:38:18",3,2,191,17.4,34.83509
"130",8604,"8604_003_2","1986-06-25 02:38:22",3,2,191,17.39,34.80388
"131",8604,"8604_003_2","1986-06-25 02:38:26",3,2,190,17.5,34.82127
"132",8604,"8604_003_2","1986-06-25 02:38:30",3,2,190,17.49,34.82187
"133",8604,"8604_003_2","1986-06-25 02:38:34",3,2,190,17.52,34.81207
"134",8604,"8604_003_2","1986-06-25 02:38:38",3,2,190,17.52,34.82002
"135",8604,"8604_003_2","1986-06-25 02:38:42",3,2,190,17.52,34.82797
"136",8604,"8604_003_2","1986-06-25 02:38:46",3,2,188,17.55,34.85868
"137",8604,"8604_003_2","1986-06-25 02:38:50",3,2,189,17.6,34.84724
"138",8604,"8604_003_2","1986-06-25 02:38:54",3,2,189,17.66,34.85148
"139",8604,"8604_003_2","1986-06-25 02:38:58",3,2,190,17.59,34.85544
"140",8604,"8604_003_2","1986-06-25 02:39:02",3,2,190,17.64,34.8444
"141",8604,"8604_003_2","1986-06-25 02:39:06",3,2,190,17.54,34.83468
"142",8604,"8604_003_2","1986-06-25 02:39:10",3,2,190,17.58,34.8481
"143",8604,"8604_003_2","1986-06-25 02:39:14",3,2,188,17.58,34.84089
"144",8604,"8604_003_2","1986-06-25 02:39:18",3,2,189,17.62,34.8301
"145",8604,"8604_003_2","1986-06-25 02:39:22",3,2,188,17.64,34.86103
"146",8604,"8604_003_2","1986-06-25 02:39:26",3,2,187,17.66,34.84427
"147",8604,"8604_003_2","1986-06-25 02:39:30",3,2,187,17.67,34.85956
"148",8604,"8604_003_2","1986-06-25 02:39:34",3,2,186,17.69,34.85868
"149",8604,"8604_003_2","1986-06-25 02:39:38",3,2,186,17.7,34.86601
"150",8604,"8604_003_2","1986-06-25 02:39:42",3,2,185,17.72,34.85721
"151",8604,"8604_003_2","1986-06-25 02:39:46",3,2,185,17.73,34.86455
"152",8604,"8604_003_2","1986-06-25 02:39:50",3,2,186,17.75,34.87088
"153",8604,"8604_003_2","1986-06-25 02:39:54",3,2,186,17.73,34.8721
"154",8604,"8604_003_2","1986-06-25 02:39:58",3,2,187,17.71,34.86502
"155",8604,"8604_003_2","1986-06-25 02:40:02",3,2,186,17.71,34.8654
"156",8604,"8604_003_2","1986-06-25 02:40:06",3,2,186,17.72,34.85684
"157",8604,"8604_003_2","1986-06-25 02:40:10",3,2,186,17.74,34.8715
"158",8604,"8604_003_2","1986-06-25 02:40:14",3,2,185,17.75,34.87126
"159",8604,"8604_003_2","1986-06-25 02:40:18",3,2,185,17.77,34.87003
"160",8604,"8604_003_2","1986-06-25 02:40:22",3,2,184,17.8,34.88443
"161",8604,"8604_003_2","1986-06-25 02:40:26",3,2,183,17.81,34.87625
"162",8604,"8604_003_2","1986-06-25 02:40:30",3,2,182,17.85,34.87418
"163",8604,"8604_003_2","1986-06-25 02:40:34",3,2,182,17.87,34.89676
"164",8604,"8604_003_2","1986-06-25 02:40:38",3,2,181,17.94,34.89285
"165",8604,"8604_003_2","1986-06-25 02:40:42",3,2,180,17.97,34.90725
"166",8604,"8604_003_2","1986-06-25 02:40:46",3,2,180,18.01,34.90482
"167",8604,"8604_003_2","1986-06-25 02:40:50",3,2,180,18.01,34.91274
"168",8604,"8604_003_2","1986-06-25 02:40:54",3,2,180,18,34.90543
"169",8604,"8604_003_2","1986-06-25 02:40:58",3,2,181,18.02,34.91177
"170",8604,"8604_003_2","1986-06-25 02:41:02",3,2,180,18.03,34.90362
"171",8604,"8604_003_2","1986-06-25 02:41:06",3,2,180,18.12,34.92984
"172",8604,"8604_003_2","1986-06-25 02:41:10",3,2,179,18.18,34.93452
"173",8604,"8604_003_2","1986-06-25 02:41:14",3,2,178,18.19,34.92637
"174",8604,"8604_003_2","1986-06-25 02:41:18",3,2,177,18.22,34.92494
"175",8604,"8604_003_2","1986-06-25 02:41:22",3,2,176,18.25,34.92351
"176",8604,"8604_003_2","1986-06-25 02:41:26",3,2,175,18.29,34.93731
"177",8604,"8604_003_3","1986-06-25 02:43:18",3,3,155,19,35.03708
"178",8604,"8604_003_3","1986-06-25 02:43:22",3,3,156,19.02,35.01983
"179",8604,"8604_003_3","1986-06-25 02:43:26",3,3,155,19,35.03708
"180",8604,"8604_003_3","1986-06-25 02:43:30",3,3,156,18.99,35.03728
"181",8604,"8604_003_3","1986-06-25 02:43:34",3,3,156,18.99,35.02942
"182",8604,"8604_003_3","1986-06-25 02:43:38",3,3,155,18.97,35.03093
"183",8604,"8604_003_3","1986-06-25 02:43:42",3,3,156,18.99,35.02156
"184",8604,"8604_003_3","1986-06-25 02:43:46",3,3,155,18.93,35.03324
"185",8604,"8604_003_3","1986-06-25 02:43:50",3,3,156,18.97,35.00697
"186",8604,"8604_003_3","1986-06-25 02:43:54",3,3,156,18.99,35.03728
"187",8604,"8604_003_3","1986-06-25 02:43:58",3,3,156,19,35.02885
"188",8604,"8604_003_3","1986-06-25 02:44:02",3,3,155,19,35.0292
"189",8604,"8604_003_3","1986-06-25 02:44:06",3,3,155,19,35.03708
"190",8604,"8604_003_3","1986-06-25 02:44:10",3,3,155,19.02,35.03592
"191",8604,"8604_003_3","1986-06-25 02:44:14",3,3,155,19,35.04494
"192",8604,"8604_003_3","1986-06-25 02:44:18",3,3,156,19,35.03671
"193",8604,"8604_003_3","1986-06-25 02:44:22",3,3,156,19,35.03671
"194",8604,"8604_003_3","1986-06-25 02:44:26",3,3,156,19.02,35.0277
"195",8604,"8604_003_3","1986-06-25 02:44:30",3,3,155,19.02,35.02807
"196",8604,"8604_003_3","1986-06-25 02:44:34",3,3,156,19.03,35.02712
"197",8604,"8604_003_3","1986-06-25 02:44:38",3,3,156,19.04,35.02655
"198",8604,"8604_003_3","1986-06-25 02:44:42",3,3,155,19.06,35.04149
"199",8604,"8604_003_3","1986-06-25 02:44:46",3,3,155,19.08,35.04034
"200",8604,"8604_003_3","1986-06-25 02:44:50",3,3,156,19.11,35.0304
"201",8604,"8604_003_3","1986-06-25 02:44:54",3,3,155,19.13,35.03749
"202",8604,"8604_003_3","1986-06-25 02:44:58",3,3,156,19.13,35.03712
"203",8604,"8604_003_3","1986-06-25 02:45:02",3,3,156,19.21,35.04043
"204",8604,"8604_003_3","1986-06-25 02:45:06",3,3,155,19.2,35.04922
"205",8604,"8604_003_3","1986-06-25 02:45:10",3,3,156,19.21,35.04043
"206",8604,"8604_003_3","1986-06-25 02:45:14",3,3,154,19.22,35.0406
"207",8604,"8604_003_3","1986-06-25 02:45:18",3,3,155,19.22,35.04809
"208",8604,"8604_003_3","1986-06-25 02:45:22",3,3,155,19.22,35.04809
"209",8604,"8604_003_3","1986-06-25 02:45:26",3,3,155,19.22,35.04025
"210",8604,"8604_003_3","1986-06-25 02:45:30",3,3,155,19.24,35.0548
"211",8604,"8604_003_3","1986-06-25 02:45:34",3,3,155,19.27,35.03742
"212",8604,"8604_003_3","1986-06-25 02:45:38",3,3,155,19.27,35.03742
"213",8604,"8604_003_3","1986-06-25 02:45:42",3,3,155,19.27,35.04526
"214",8604,"8604_003_3","1986-06-25 02:45:46",3,3,155,19.27,35.04526
"215",8604,"8604_003_3","1986-06-25 02:45:50",3,3,154,19.27,35.04563
"216",8604,"8604_003_3","1986-06-25 02:45:54",3,3,155,19.27,35.04526
"217",8604,"8604_003_3","1986-06-25 02:45:58",3,3,154,19.27,35.04563
"218",8604,"8604_003_3","1986-06-25 02:46:02",3,3,153,19.28,35.04543
"219",8604,"8604_003_3","1986-06-25 02:46:06",3,3,152,19.32,35.05138
"220",8604,"8604_003_3","1986-06-25 02:46:10",3,3,151,19.46,35.05958
"221",8604,"8604_003_3","1986-06-25 02:46:14",3,3,150,19.53,35.06389
"222",8604,"8604_003_3","1986-06-25 02:46:18",3,3,148,19.54,35.06404
"223",8604,"8604_003_3","1986-06-25 02:46:22",3,3,148,19.86,35.08562
"224",8604,"8604_003_3","1986-06-25 02:46:26",3,3,146,19.9,35.09979
"225",8604,"8604_003_3","1986-06-25 02:46:30",3,3,147,19.9,35.09943
"226",8604,"8604_003_3","1986-06-25 02:46:34",3,3,146,19.93,35.09037
"227",8604,"8604_003_3","1986-06-25 02:46:38",3,3,146,19.92,35.09091
"228",8604,"8604_003_3","1986-06-25 02:46:42",3,3,146,19.92,35.09091
"229",8604,"8604_003_3","1986-06-25 02:46:46",3,3,146,19.92,35.09091
"230",8604,"8604_003_3","1986-06-25 02:46:50",3,3,146,19.92,35.09091
"231",8604,"8604_003_3","1986-06-25 02:46:54",3,3,146,19.92,35.09091
"232",8604,"8604_003_3","1986-06-25 02:46:58",3,3,146,19.9,35.09979
"233",8604,"8604_003_3","1986-06-25 02:47:02",3,3,146,19.93,35.09037
"234",8604,"8604_003_3","1986-06-25 02:47:06",3,3,145,19.92,35.09907
"235",8604,"8604_003_3","1986-06-25 02:47:10",3,3,146,19.9,35.09979
"236",8604,"8604_003_3","1986-06-25 02:47:14",3,3,146,19.88,35.09307
"237",8604,"8604_003_3","1986-06-25 02:47:18",3,3,146,19.9,35.1076
"238",8604,"8604_003_3","1986-06-25 02:47:22",3,3,146,19.9,35.09979
"239",8604,"8604_003_3","1986-06-25 02:47:26",3,3,145,19.88,35.10123
"240",8604,"8604_003_3","1986-06-25 02:47:30",3,3,145,19.88,35.09342
"241",8604,"8604_003_3","1986-06-25 02:47:34",3,3,146,19.84,35.07962
"242",8604,"8604_003_3","1986-06-25 02:47:38",3,3,145,19.85,35.09505
"243",8604,"8604_003_3","1986-06-25 02:47:42",3,3,145,19.88,35.10123
"244",8604,"8604_003_3","1986-06-25 02:47:46",3,3,145,19.89,35.09289
"245",8604,"8604_003_3","1986-06-25 02:47:50",3,3,146,19.76,35.08396
"246",8604,"8604_003_3","1986-06-25 02:47:54",3,3,145,19.84,35.10341
"247",8604,"8604_003_3","1986-06-25 02:47:58",3,3,145,19.89,35.10069
"248",8604,"8604_003_3","1986-06-25 02:48:02",3,3,145,19.86,35.0867
"249",8604,"8604_003_3","1986-06-25 02:48:06",3,3,145,19.81,35.11285
"250",8604,"8604_003_3","1986-06-25 02:48:10",3,3,145,19.88,35.08562
"251",8604,"8604_003_3","1986-06-25 02:48:14",3,3,145,19.89,35.10069
"252",8604,"8604_003_3","1986-06-25 02:48:18",3,3,145,19.7,35.09543
"253",8604,"8604_003_3","1986-06-25 02:48:22",3,3,145,19.88,35.10123
"254",8604,"8604_003_3","1986-06-25 02:48:26",3,3,145,19.84,35.10341
"255",8604,"8604_003_3","1986-06-25 02:48:30",3,3,145,19.86,35.0945
"256",8604,"8604_003_3","1986-06-25 02:48:34",3,3,145,19.87,35.10958
"257",8604,"8604_003_3","1986-06-25 02:48:38",3,3,145,19.89,35.09289
"258",8604,"8604_003_3","1986-06-25 02:48:42",3,3,145,19.95,35.08965
"259",8604,"8604_003_3","1986-06-25 02:48:46",3,3,144,19.94,35.09835
"260",8604,"8604_003_3","1986-06-25 02:48:50",3,3,145,19.9,35.10015
"261",8604,"8604_003_3","1986-06-25 02:48:54",3,3,144,19.87,35.10213
"262",8604,"8604_003_3","1986-06-25 02:48:58",3,3,144,19.68,35.08124
"263",8604,"8604_003_3","1986-06-25 02:49:02",3,3,143,19.86,35.11866
"264",8604,"8604_003_3","1986-06-25 02:49:06",3,3,142,19.95,35.10632
"265",8604,"8604_003_3","1986-06-25 02:49:10",3,3,141,20.03,35.11798
"266",8604,"8604_003_3","1986-06-25 02:49:14",3,3,140,20.1,35.10681
"267",8604,"8604_003_3","1986-06-25 02:49:18",3,3,139,20.13,35.11335
"268",8604,"8604_003_3","1986-06-25 02:49:22",3,3,139,20.16,35.10397
"269",8604,"8604_003_3","1986-06-25 02:49:26",3,3,138,20.17,35.10379
"270",8604,"8604_003_3","1986-06-25 02:49:30",3,3,137,20.16,35.11246
"271",8604,"8604_003_3","1986-06-25 02:49:34",3,3,137,20.18,35.11141
"272",8604,"8604_003_3","1986-06-25 02:49:38",3,3,137,20.16,35.11246
"273",8604,"8604_003_3","1986-06-25 02:49:42",3,3,138,20.16,35.11211
"274",8604,"8604_003_3","1986-06-25 02:49:46",3,3,138,20.17,35.11158
"275",8604,"8604_003_3","1986-06-25 02:49:50",3,3,137,20.19,35.11088
"276",8604,"8604_003_3","1986-06-25 02:49:54",3,3,139,20.16,35.11175
"277",8604,"8604_003_3","1986-06-25 02:49:58",3,3,138,20.17,35.11158
"278",8604,"8604_003_3","1986-06-25 02:50:02",3,3,138,20.18,35.11106
"279",8604,"8604_003_3","1986-06-25 02:50:06",3,3,139,20.19,35.11015
"280",8604,"8604_003_3","1986-06-25 02:50:10",3,3,138,20.18,35.11884
"281",8604,"8604_003_3","1986-06-25 02:50:14",3,3,138,20.17,35.11158
"282",8604,"8604_003_3","1986-06-25 02:50:18",3,3,139,20.18,35.1107
"283",8604,"8604_003_3","1986-06-25 02:50:22",3,3,139,20.18,35.10292
"284",8604,"8604_003_3","1986-06-25 02:50:26",3,3,138,20.18,35.11106
"285",8604,"8604_003_3","1986-06-25 02:50:30",3,3,139,20.18,35.1107
"286",8604,"8604_003_3","1986-06-25 02:50:34",3,3,139,20.19,35.10238
"287",8604,"8604_003_3","1986-06-25 02:50:38",3,3,139,20.19,35.11015
"288",8604,"8604_003_3","1986-06-25 02:50:42",3,3,139,20.19,35.10238
"289",8604,"8604_003_3","1986-06-25 02:50:46",3,3,138,20.16,35.1199
"290",8604,"8604_003_3","1986-06-25 02:50:50",3,3,139,20.17,35.10344
"291",8604,"8604_003_3","1986-06-25 02:50:54",3,3,139,20.18,35.1107
"292",8604,"8604_003_3","1986-06-25 02:50:58",3,3,139,20.18,35.1107
"293",8604,"8604_003_3","1986-06-25 02:51:02",3,3,139,20.18,35.1107
"294",8604,"8604_003_3","1986-06-25 02:51:06",3,3,139,20.16,35.10397
"295",8604,"8604_003_3","1986-06-25 02:51:10",3,3,136,20.14,35.12946
"296",8604,"8604_003_3","1986-06-25 02:51:14",3,3,135,20.17,35.11265
"297",8604,"8604_003_3","1986-06-25 02:51:18",3,3,135,20.2,35.11106
"298",8604,"8604_003_3","1986-06-25 02:51:22",3,3,134,20.2,35.11141
"299",8604,"8604_003_3","1986-06-25 02:51:26",3,3,133,20.21,35.11902
"300",8604,"8604_003_3","1986-06-25 02:51:30",3,3,132,20.22,35.11106
"301",8604,"8604_003_3","1986-06-25 02:51:34",3,3,133,20.22,35.11071
"302",8604,"8604_003_3","1986-06-25 02:51:38",3,3,132,20.21,35.11939
"303",8604,"8604_003_3","1986-06-25 02:51:42",3,3,132,20.22,35.11106
"304",8604,"8604_003_3","1986-06-25 02:51:46",3,3,133,20.22,35.11849
"305",8604,"8604_003_3","1986-06-25 02:51:50",3,3,133,20.22,35.11071
"306",8604,"8604_003_3","1986-06-25 02:51:54",3,3,133,20.21,35.12681
"307",8604,"8604_003_3","1986-06-25 02:51:58",3,3,132,20.21,35.1116
"308",8604,"8604_003_3","1986-06-25 02:52:02",3,3,133,20.21,35.11124
"309",8604,"8604_003_3","1986-06-25 02:52:06",3,3,133,20.24,35.10188
"310",8604,"8604_003_3","1986-06-25 02:52:10",3,3,133,20.21,35.12681
"311",8604,"8604_003_3","1986-06-25 02:52:14",3,3,132,20.21,35.11939
"312",8604,"8604_003_3","1986-06-25 02:52:18",3,3,133,20.24,35.10967
"313",8604,"8604_003_3","1986-06-25 02:52:22",3,3,132,20.24,35.11002
"314",8604,"8604_003_3","1986-06-25 02:52:26",3,3,133,20.22,35.11849
"315",8604,"8604_003_3","1986-06-25 02:52:30",3,3,133,20.22,35.11071
"316",8604,"8604_003_3","1986-06-25 02:52:34",3,3,132,20.24,35.10224
"317",8604,"8604_003_3","1986-06-25 02:52:38",3,3,133,20.24,35.10967
"318",8604,"8604_003_3","1986-06-25 02:52:42",3,3,133,20.22,35.11071
"319",8604,"8604_003_3","1986-06-25 02:52:46",3,3,133,20.24,35.10188
"320",8604,"8604_003_3","1986-06-25 02:52:50",3,3,132,20.25,35.1017
"321",8604,"8604_003_3","1986-06-25 02:52:54",3,3,133,20.24,35.10967
"322",8604,"8604_003_3","1986-06-25 02:52:58",3,3,133,20.25,35.10914
"323",8604,"8604_003_3","1986-06-25 02:53:02",3,3,133,20.25,35.10914
"324",8604,"8604_003_3","1986-06-25 02:53:06",3,3,132,20.25,35.11727
"325",8604,"8604_003_3","1986-06-25 02:53:10",3,3,133,20.25,35.10914
"326",8604,"8604_003_3","1986-06-25 02:53:14",3,3,131,20.25,35.10985
"327",8604,"8604_003_3","1986-06-25 02:53:18",3,3,131,20.25,35.10985
"328",8604,"8604_003_3","1986-06-25 02:53:22",3,3,132,20.24,35.11002
"329",8604,"8604_003_3","1986-06-25 02:53:26",3,3,132,20.25,35.11727
"330",8604,"8604_003_3","1986-06-25 02:53:30",3,3,131,20.26,35.10931
"331",8604,"8604_003_3","1986-06-25 02:53:34",3,3,129,20.27,35.12506
"332",8604,"8604_003_3","1986-06-25 02:53:38",3,3,129,20.28,35.10898
"333",8604,"8604_003_3","1986-06-25 02:53:42",3,3,128,20.34,35.11397
"334",8604,"8604_003_3","1986-06-25 02:53:46",3,3,127,20.37,35.12829
"335",8604,"8604_003_3","1986-06-25 02:53:50",3,3,127,20.42,35.13347
"336",8604,"8604_003_3","1986-06-25 02:53:54",3,3,126,20.55,35.14261
"337",8604,"8604_003_3","1986-06-25 02:53:58",3,3,126,20.56,35.13433
"338",8604,"8604_003_3","1986-06-25 02:54:02",3,3,126,20.56,35.14209
"339",8604,"8604_003_3","1986-06-25 02:54:06",3,3,126,20.42,35.13382
"340",8604,"8604_003_3","1986-06-25 02:54:10",3,3,127,20.41,35.12621
"341",8604,"8604_003_3","1986-06-25 02:54:14",3,3,126,20.38,35.12813
"342",8604,"8604_003_3","1986-06-25 02:54:18",3,3,126,20.41,35.12657
"343",8604,"8604_003_3","1986-06-25 02:54:22",3,3,127,20.43,35.13294
"344",8604,"8604_003_3","1986-06-25 02:54:26",3,3,127,20.36,35.12882
"345",8604,"8604_003_3","1986-06-25 02:54:30",3,3,127,20.38,35.12
"346",8604,"8604_003_3","1986-06-25 02:54:34",3,3,127,20.35,35.12156
"347",8604,"8604_003_3","1986-06-25 02:54:38",3,3,128,20.37,35.12016
"348",8604,"8604_003_3","1986-06-25 02:54:42",3,3,126,20.32,35.12348
"349",8604,"8604_003_3","1986-06-25 02:54:46",3,3,127,20.32,35.12314
"350",8604,"8604_003_3","1986-06-25 02:54:50",3,3,128,20.34,35.12174
"351",8604,"8604_003_3","1986-06-25 02:54:54",3,3,126,20.32,35.12348
"352",8604,"8604_003_3","1986-06-25 02:54:58",3,3,127,20.41,35.12621
"353",8604,"8604_003_3","1986-06-25 02:55:02",3,3,125,20.46,35.13986
"354",8604,"8604_003_3","1986-06-25 02:55:06",3,3,125,20.55,35.12744
"355",8604,"8604_003_3","1986-06-25 02:55:10",3,3,125,20.56,35.14244
"356",8604,"8604_003_3","1986-06-25 02:55:14",3,3,124,20.59,35.14126
"357",8604,"8604_003_3","1986-06-25 02:55:18",3,3,124,20.75,35.15634
"358",8604,"8604_003_3","1986-06-25 02:55:22",3,3,122,20.8,35.16225
"359",8604,"8604_003_3","1986-06-25 02:55:26",3,3,121,20.89,35.1658
"360",8604,"8604_003_4","1986-06-25 02:55:46",3,4,123,20.97,35.17657
"361",8604,"8604_003_4","1986-06-25 02:55:50",3,4,122,20.97,35.18466
"362",8604,"8604_003_4","1986-06-25 02:55:54",3,4,122,20.97,35.17692
"363",8604,"8604_003_4","1986-06-25 02:55:58",3,4,121,20.97,35.185
"364",8604,"8604_003_4","1986-06-25 02:56:02",3,4,119,20.97,35.19345
"365",8604,"8604_003_4","1986-06-25 02:56:06",3,4,120,21.01,35.17562
"366",8604,"8604_003_4","1986-06-25 02:56:10",3,4,120,21.01,35.17562
"367",8604,"8604_003_4","1986-06-25 02:56:14",3,4,119,21,35.1842
"368",8604,"8604_003_4","1986-06-25 02:56:18",3,4,119,21.02,35.17547
"369",8604,"8604_003_4","1986-06-25 02:56:22",3,4,120,21,35.17612
"370",8604,"8604_003_4","1986-06-25 02:56:26",3,4,120,21,35.17612
"371",8604,"8604_003_4","1986-06-25 02:56:30",3,4,119,20.99,35.18471
"372",8604,"8604_003_4","1986-06-25 02:56:34",3,4,120,20.99,35.18436
"373",8604,"8604_003_4","1986-06-25 02:56:38",3,4,119,21,35.1842
"374",8604,"8604_003_4","1986-06-25 02:56:42",3,4,119,20.99,35.17698
"375",8604,"8604_003_4","1986-06-25 02:56:46",3,4,121,20.99,35.17628
"376",8604,"8604_003_4","1986-06-25 02:56:50",3,4,120,20.97,35.19311
"377",8604,"8604_003_4","1986-06-25 02:56:54",3,4,119,20.99,35.17698
"378",8604,"8604_003_4","1986-06-25 02:56:58",3,4,120,20.99,35.17663
"379",8604,"8604_003_4","1986-06-25 02:57:02",3,4,119,20.97,35.1857
"380",8604,"8604_003_4","1986-06-25 02:57:06",3,4,120,20.99,35.17663
"381",8604,"8604_003_4","1986-06-25 02:57:10",3,4,119,20.99,35.17698
"382",8604,"8604_003_4","1986-06-25 02:57:14",3,4,120,20.97,35.19311
"383",8604,"8604_003_4","1986-06-25 02:57:18",3,4,121,20.97,35.17727
"384",8604,"8604_003_4","1986-06-25 02:57:22",3,4,119,20.97,35.1857
"385",8604,"8604_003_4","1986-06-25 02:57:26",3,4,119,20.97,35.19345
"386",8604,"8604_003_4","1986-06-25 02:57:30",3,4,121,20.97,35.185
"387",8604,"8604_003_4","1986-06-25 02:57:34",3,4,119,20.96,35.17846
"388",8604,"8604_003_4","1986-06-25 02:57:38",3,4,120,20.96,35.17811
"389",8604,"8604_003_4","1986-06-25 02:57:42",3,4,119,20.99,35.16924
"390",8604,"8604_003_4","1986-06-25 02:57:46",3,4,119,20.97,35.17798
"391",8604,"8604_003_4","1986-06-25 02:57:50",3,4,118,20.96,35.18655
"392",8604,"8604_003_4","1986-06-25 02:57:54",3,4,119,20.97,35.19345
"393",8604,"8604_003_4","1986-06-25 02:57:58",3,4,117,21.01,35.17667
"394",8604,"8604_003_4","1986-06-25 02:58:02",3,4,116,21.01,35.18474
"395",8604,"8604_003_4","1986-06-25 02:58:06",3,4,116,21.02,35.17652
"396",8604,"8604_003_4","1986-06-25 02:58:10",3,4,116,21.01,35.18474
"397",8604,"8604_003_4","1986-06-25 02:58:14",3,4,116,21.01,35.18474
"398",8604,"8604_003_4","1986-06-25 02:58:18",3,4,116,21.01,35.18474
"399",8604,"8604_003_4","1986-06-25 02:58:22",3,4,115,21.01,35.18509
"400",8604,"8604_003_4","1986-06-25 02:58:26",3,4,116,21.03,35.17602
"401",8604,"8604_003_4","1986-06-25 02:58:30",3,4,116,21.02,35.18425
"402",8604,"8604_003_4","1986-06-25 02:58:34",3,4,116,21.04,35.18325
"403",8604,"8604_003_4","1986-06-25 02:58:38",3,4,115,21.03,35.1841
"404",8604,"8604_003_4","1986-06-25 02:58:42",3,4,117,21.03,35.17567
"405",8604,"8604_003_4","1986-06-25 02:58:46",3,4,116,21.02,35.18425
"406",8604,"8604_003_4","1986-06-25 02:58:50",3,4,115,21.03,35.19183
"407",8604,"8604_003_4","1986-06-25 02:58:54",3,4,116,21.03,35.18376
"408",8604,"8604_003_4","1986-06-25 02:58:58",3,4,116,21.02,35.17652
"409",8604,"8604_003_4","1986-06-25 02:59:02",3,4,116,21.03,35.17602
"410",8604,"8604_003_4","1986-06-25 02:59:06",3,4,117,21.03,35.1834
"411",8604,"8604_003_4","1986-06-25 02:59:10",3,4,117,21.01,35.17667
"412",8604,"8604_003_4","1986-06-25 02:59:14",3,4,117,21.01,35.17667
"413",8604,"8604_003_4","1986-06-25 02:59:18",3,4,116,21.02,35.17652
"414",8604,"8604_003_4","1986-06-25 02:59:22",3,4,116,21.01,35.17702
"415",8604,"8604_003_4","1986-06-25 02:59:26",3,4,116,21.02,35.17652
"416",8604,"8604_003_4","1986-06-25 02:59:30",3,4,116,21.01,35.17702
"417",8604,"8604_003_4","1986-06-25 02:59:34",3,4,116,21.03,35.18376
"418",8604,"8604_003_4","1986-06-25 02:59:38",3,4,117,21.03,35.1834
"419",8604,"8604_003_4","1986-06-25 02:59:42",3,4,117,21.04,35.17517
"420",8604,"8604_003_4","1986-06-25 02:59:46",3,4,116,21.03,35.18376
"421",8604,"8604_003_4","1986-06-25 02:59:50",3,4,117,21.03,35.1834
"422",8604,"8604_003_4","1986-06-25 02:59:54",3,4,116,21.03,35.17602
"423",8604,"8604_003_4","1986-06-25 02:59:58",3,4,118,21.02,35.18355
"424",8604,"8604_003_4","1986-06-25 03:00:02",3,4,117,21.03,35.1834
"425",8604,"8604_003_4","1986-06-25 03:00:06",3,4,118,21.03,35.17532
"426",8604,"8604_003_4","1986-06-25 03:00:10",3,4,117,21.03,35.17567
"427",8604,"8604_003_4","1986-06-25 03:00:14",3,4,117,21.03,35.17567
"428",8604,"8604_003_4","1986-06-25 03:00:18",3,4,118,21.02,35.17582
"429",8604,"8604_003_4","1986-06-25 03:00:22",3,4,117,21.02,35.1839
"430",8604,"8604_003_4","1986-06-25 03:00:26",3,4,118,21.01,35.18406
"431",8604,"8604_003_4","1986-06-25 03:00:30",3,4,118,21.03,35.17532
"432",8604,"8604_003_4","1986-06-25 03:00:34",3,4,117,21.02,35.17616
"433",8604,"8604_003_4","1986-06-25 03:00:38",3,4,119,21.02,35.1832
"434",8604,"8604_003_4","1986-06-25 03:00:42",3,4,118,21.02,35.17582
"435",8604,"8604_003_4","1986-06-25 03:00:46",3,4,118,21.03,35.17532
"436",8604,"8604_003_4","1986-06-25 03:00:50",3,4,117,21.02,35.17616
"437",8604,"8604_003_4","1986-06-25 03:00:54",3,4,117,21.02,35.17616
"438",8604,"8604_003_4","1986-06-25 03:00:58",3,4,118,21.02,35.18355
"439",8604,"8604_003_4","1986-06-25 03:01:02",3,4,118,21.02,35.16808
"440",8604,"8604_003_4","1986-06-25 03:01:06",3,4,117,21.04,35.1829
"441",8604,"8604_003_4","1986-06-25 03:01:10",3,4,115,21.09,35.18112
"442",8604,"8604_003_4","1986-06-25 03:01:14",3,4,114,21.12,35.18771
"443",8604,"8604_003_4","1986-06-25 03:01:18",3,4,114,21.17,35.20841
"444",8604,"8604_003_4","1986-06-25 03:01:22",3,4,113,21.27,35.19612
"445",8604,"8604_003_4","1986-06-25 03:01:26",3,4,111,21.38,35.19917
"446",8604,"8604_003_4","1986-06-25 03:01:30",3,4,110,21.45,35.20385
"447",8604,"8604_003_4","1986-06-25 03:01:34",3,4,110,21.38,35.19951
"448",8604,"8604_003_4","1986-06-25 03:01:38",3,4,110,21.36,35.20049
"449",8604,"8604_003_4","1986-06-25 03:01:42",3,4,112,21.32,35.19402
"450",8604,"8604_003_4","1986-06-25 03:01:46",3,4,112,21.32,35.18631
"451",8604,"8604_003_4","1986-06-25 03:01:50",3,4,111,21.31,35.18715
"452",8604,"8604_003_4","1986-06-25 03:01:54",3,4,112,21.31,35.1868
"453",8604,"8604_003_4","1986-06-25 03:01:58",3,4,111,21.31,35.18715
"454",8604,"8604_003_4","1986-06-25 03:02:02",3,4,111,21.31,35.18715
"455",8604,"8604_003_4","1986-06-25 03:02:06",3,4,111,21.31,35.19487
"456",8604,"8604_003_4","1986-06-25 03:02:10",3,4,111,21.31,35.19487
"457",8604,"8604_003_4","1986-06-25 03:02:14",3,4,111,21.32,35.18666
"458",8604,"8604_003_4","1986-06-25 03:02:18",3,4,112,21.31,35.20223
"459",8604,"8604_003_4","1986-06-25 03:02:22",3,4,111,21.22,35.19154
"460",8604,"8604_003_4","1986-06-25 03:02:26",3,4,111,21.24,35.19057
"461",8604,"8604_003_4","1986-06-25 03:02:30",3,4,111,21.3,35.18763
"462",8604,"8604_003_4","1986-06-25 03:02:34",3,4,111,21.2,35.1848
"463",8604,"8604_003_4","1986-06-25 03:02:38",3,4,111,21.2,35.1848
"464",8604,"8604_003_4","1986-06-25 03:02:42",3,4,112,21.2,35.19218
"465",8604,"8604_003_4","1986-06-25 03:02:46",3,4,113,21.2,35.1841
"466",8604,"8604_003_4","1986-06-25 03:02:50",3,4,112,21.17,35.19366
"467",8604,"8604_003_4","1986-06-25 03:02:54",3,4,111,21.12,35.19648
"468",8604,"8604_003_4","1986-06-25 03:02:58",3,4,111,21.16,35.1945
"469",8604,"8604_003_4","1986-06-25 03:03:02",3,4,112,21.13,35.18791
"470",8604,"8604_003_4","1986-06-25 03:03:06",3,4,113,21.13,35.18757
"471",8604,"8604_003_4","1986-06-25 03:03:10",3,4,111,21.12,35.18875
"472",8604,"8604_003_4","1986-06-25 03:03:14",3,4,112,21.17,35.18594
"473",8604,"8604_003_4","1986-06-25 03:03:18",3,4,113,21.14,35.18707
"474",8604,"8604_003_4","1986-06-25 03:03:22",3,4,112,21.12,35.18841
"475",8604,"8604_003_4","1986-06-25 03:03:26",3,4,112,21.16,35.19415
"476",8604,"8604_003_4","1986-06-25 03:03:30",3,4,113,21.15,35.18657
"477",8604,"8604_003_4","1986-06-25 03:03:34",3,4,113,21.19,35.18459
"478",8604,"8604_003_4","1986-06-25 03:03:38",3,4,111,21.14,35.18776
"479",8604,"8604_003_4","1986-06-25 03:03:42",3,4,113,21.22,35.18314
"480",8604,"8604_003_4","1986-06-25 03:03:46",3,4,111,21.23,35.19105
"481",8604,"8604_003_4","1986-06-25 03:03:50",3,4,110,21.33,35.19423
"482",8604,"8604_003_4","1986-06-25 03:03:54",3,4,110,21.37,35.18458
"483",8604,"8604_003_4","1986-06-25 03:03:58",3,4,108,21.42,35.19827
"484",8604,"8604_003_4","1986-06-25 03:04:02",3,4,108,21.47,35.20357
"485",8604,"8604_003_4","1986-06-25 03:04:06",3,4,109,21.52,35.18542
"486",8604,"8604_003_4","1986-06-25 03:04:10",3,4,110,21.52,35.19278
"487",8604,"8604_003_4","1986-06-25 03:04:14",3,4,109,21.52,35.19313
"488",8604,"8604_003_4","1986-06-25 03:04:18",3,4,109,21.51,35.19361
"489",8604,"8604_003_4","1986-06-25 03:04:22",3,4,110,21.51,35.20097
"490",8604,"8604_003_4","1986-06-25 03:04:26",3,4,109,21.51,35.19361
"491",8604,"8604_003_4","1986-06-25 03:04:30",3,4,110,21.52,35.19278
"492",8604,"8604_003_4","1986-06-25 03:04:34",3,4,110,21.53,35.20002
"493",8604,"8604_003_4","1986-06-25 03:04:38",3,4,110,21.5,35.18604
"494",8604,"8604_003_4","1986-06-25 03:04:42",3,4,109,21.54,35.19987
"495",8604,"8604_003_4","1986-06-25 03:04:46",3,4,108,21.54,35.20792
"496",8604,"8604_003_4","1986-06-25 03:04:50",3,4,106,21.55,35.20812
"497",8604,"8604_003_4","1986-06-25 03:04:54",3,4,106,21.56,35.20766
"498",8604,"8604_003_4","1986-06-25 03:04:58",3,4,106,21.57,35.19948
"499",8604,"8604_003_4","1986-06-25 03:05:02",3,4,106,21.58,35.19131
"500",8604,"8604_003_4","1986-06-25 03:05:06",3,4,107,21.58,35.19865
"501",8604,"8604_003_4","1986-06-25 03:05:10",3,4,108,21.56,35.20696
"502",8604,"8604_003_4","1986-06-25 03:05:14",3,4,107,21.56,35.20731
"503",8604,"8604_003_4","1986-06-25 03:05:18",3,4,106,21.56,35.20766
"504",8604,"8604_003_4","1986-06-25 03:05:22",3,4,108,21.56,35.19927
"505",8604,"8604_003_4","1986-06-25 03:05:26",3,4,107,21.56,35.19191
"506",8604,"8604_003_4","1986-06-25 03:05:30",3,4,108,21.56,35.20696
"507",8604,"8604_003_4","1986-06-25 03:05:34",3,4,108,21.57,35.19879
"508",8604,"8604_003_4","1986-06-25 03:05:38",3,4,108,21.56,35.19927
"509",8604,"8604_003_4","1986-06-25 03:05:42",3,4,107,21.56,35.20731
"510",8604,"8604_003_4","1986-06-25 03:05:46",3,4,107,21.55,35.20778
"511",8604,"8604_003_4","1986-06-25 03:05:50",3,4,108,21.56,35.19927
"512",8604,"8604_003_4","1986-06-25 03:05:54",3,4,106,21.56,35.19996
"513",8604,"8604_003_4","1986-06-25 03:05:58",3,4,105,21.57,35.20751
"514",8604,"8604_003_4","1986-06-25 03:06:02",3,4,104,21.58,35.19969
"515",8604,"8604_003_4","1986-06-25 03:06:06",3,4,105,21.61,35.19793
"516",8604,"8604_003_4","1986-06-25 03:06:10",3,4,105,21.62,35.18976
"517",8604,"8604_003_4","1986-06-25 03:06:14",3,4,105,21.62,35.18976
"518",8604,"8604_003_4","1986-06-25 03:06:18",3,4,104,21.61,35.19058
"519",8604,"8604_003_4","1986-06-25 03:06:22",3,4,105,21.62,35.18976
"520",8604,"8604_003_4","1986-06-25 03:06:26",3,4,104,21.62,35.1901
"521",8604,"8604_003_4","1986-06-25 03:06:30",3,4,105,21.62,35.18976
"522",8604,"8604_003_4","1986-06-25 03:06:34",3,4,106,21.61,35.19758
"523",8604,"8604_003_4","1986-06-25 03:06:38",3,4,106,21.62,35.1894
"524",8604,"8604_003_4","1986-06-25 03:06:42",3,4,105,21.62,35.18976
"525",8604,"8604_003_4","1986-06-25 03:06:46",3,4,106,21.62,35.1971
"526",8604,"8604_003_4","1986-06-25 03:06:50",3,4,105,21.62,35.19744
"527",8604,"8604_003_4","1986-06-25 03:06:54",3,4,104,21.64,35.18915
"528",8604,"8604_003_4","1986-06-25 03:06:58",3,4,104,21.63,35.19732
"529",8604,"8604_003_4","1986-06-25 03:07:02",3,4,102,21.67,35.19611
"530",8604,"8604_003_4","1986-06-25 03:07:06",3,4,103,21.65,35.19671
"531",8604,"8604_003_4","1986-06-25 03:07:10",3,4,102,21.65,35.20475
"532",8604,"8604_003_4","1986-06-25 03:07:14",3,4,103,21.64,35.19719
"533",8604,"8604_003_4","1986-06-25 03:07:18",3,4,104,21.64,35.19685
"534",8604,"8604_003_4","1986-06-25 03:07:22",3,4,103,21.65,35.19671
"535",8604,"8604_003_4","1986-06-25 03:07:26",3,4,104,21.63,35.19732
"536",8604,"8604_003_4","1986-06-25 03:07:30",3,4,103,21.64,35.18949
"537",8604,"8604_003_4","1986-06-25 03:07:34",3,4,105,21.63,35.19698
"538",8604,"8604_003_4","1986-06-25 03:07:38",3,4,103,21.63,35.19766
"539",8604,"8604_003_4","1986-06-25 03:07:42",3,4,103,21.63,35.18997
"540",8604,"8604_003_4","1986-06-25 03:07:46",3,4,103,21.63,35.19766
"541",8604,"8604_003_4","1986-06-25 03:07:50",3,4,102,21.64,35.19755
"542",8604,"8604_003_4","1986-06-25 03:07:54",3,4,101,21.65,35.1974
"543",8604,"8604_003_4","1986-06-25 03:07:58",3,4,100,21.7,35.19538
"544",8604,"8604_003_4","1986-06-25 03:08:02",3,4,100,21.68,35.21171
"545",8604,"8604_003_4","1986-06-25 03:08:06",3,4,100,21.67,35.20449
"546",8604,"8604_003_4","1986-06-25 03:08:10",3,4,101,21.67,35.18876
"547",8604,"8604_003_4","1986-06-25 03:08:14",3,4,102,21.66,35.19658
"548",8604,"8604_003_5","1986-06-25 03:10:50",3,5,98,21.78,35.2077
"549",8604,"8604_003_5","1986-06-25 03:10:54",3,5,96,21.81,35.20698
"550",8604,"8604_003_5","1986-06-25 03:10:58",3,5,98,21.8,35.1914
"551",8604,"8604_003_5","1986-06-25 03:11:02",3,5,97,21.81,35.19896
"552",8604,"8604_003_5","1986-06-25 03:11:06",3,5,98,21.8,35.1914
"553",8604,"8604_003_5","1986-06-25 03:11:54",3,5,95,21.84,35.22128
"554",8604,"8604_003_5","1986-06-25 03:11:58",3,5,95,21.94,35.17063
"555",8604,"8604_003_5","1986-06-25 03:12:02",3,5,96,21.93,35.20141
"556",8604,"8604_003_5","1986-06-25 03:12:10",3,5,95,21.87,35.20454
"557",8604,"8604_003_5","1986-06-25 03:12:54",3,5,96,22.06,35.18781
"558",8604,"8604_003_5","1986-06-25 03:12:58",3,5,95,22.27,35.20168
"559",8604,"8604_003_5","1986-06-25 03:13:02",3,5,94,22.31,35.18495
"560",8604,"8604_003_5","1986-06-25 03:13:06",3,5,95,22.29,35.19314
"561",8604,"8604_003_5","1986-06-25 03:13:10",3,5,95,22.28,35.19359
"562",8604,"8604_003_5","1986-06-25 03:13:14",3,5,95,22.28,35.20888
"563",8604,"8604_003_5","1986-06-25 03:13:18",3,5,95,22.28,35.19359
"564",8604,"8604_003_5","1986-06-25 03:13:22",3,5,95,22.27,35.20934
"565",8604,"8604_003_5","1986-06-25 03:13:26",3,5,95,22.21,35.21201
"566",8604,"8604_003_5","1986-06-25 03:13:30",3,5,94,22.28,35.20157
"567",8604,"8604_003_5","1986-06-25 03:13:34",3,5,93,22.37,35.22085
"568",8604,"8604_003_5","1986-06-25 03:13:38",3,5,92,22.61,35.18021
"569",8604,"8604_003_5","1986-06-25 03:13:42",3,5,91,22.92,35.14472
"570",8604,"8604_003_5","1986-06-25 03:13:46",3,5,91,22.96,35.1355
"571",8604,"8604_003_5","1986-06-25 03:13:50",3,5,92,22.9,35.14521
"572",8604,"8604_003_5","1986-06-25 03:13:54",3,5,91,22.8,35.16491
"573",8604,"8604_003_5","1986-06-25 03:13:58",3,5,92,22.76,35.15103
"574",8604,"8604_003_5","1986-06-25 03:14:02",3,5,92,22.65,35.19375
"575",8604,"8604_003_5","1986-06-25 03:14:06",3,5,92,22.73,35.17511
"576",8604,"8604_003_5","1986-06-25 03:14:10",3,5,92,22.66,35.19331
"577",8604,"8604_003_5","1986-06-25 03:14:14",3,5,92,22.64,35.20178
"578",8604,"8604_003_5","1986-06-25 03:14:18",3,5,91,22.65,35.18646
"579",8604,"8604_003_5","1986-06-25 03:14:22",3,5,92,22.69,35.17681
"580",8604,"8604_003_5","1986-06-25 03:14:26",3,5,92,22.62,35.18741
"581",8604,"8604_003_5","1986-06-25 03:14:30",3,5,92,22.63,35.18697
"582",8604,"8604_003_5","1986-06-25 03:14:34",3,5,91,22.62,35.18775
"583",8604,"8604_003_5","1986-06-25 03:14:38",3,5,92,22.63,35.18697
"584",8604,"8604_003_5","1986-06-25 03:14:42",3,5,93,22.62,35.18707
"585",8604,"8604_003_5","1986-06-25 03:14:46",3,5,91,22.61,35.18817
"586",8604,"8604_003_5","1986-06-25 03:14:50",3,5,91,22.69,35.16953
"587",8604,"8604_003_5","1986-06-25 03:14:54",3,5,91,22.62,35.18012
"588",8604,"8604_003_5","1986-06-25 03:14:58",3,5,90,22.98,35.13502
"589",8604,"8604_003_5","1986-06-25 03:15:02",3,5,89,23.23,35.11775
"590",8604,"8604_003_5","1986-06-25 03:15:06",3,5,88,23.31,35.09226
"591",8604,"8604_003_5","1986-06-25 03:15:10",3,5,88,23.37,35.05973
"592",8604,"8604_003_5","1986-06-25 03:15:14",3,5,89,23.35,35.07527
"593",8604,"8604_003_5","1986-06-25 03:15:18",3,5,87,23.36,35.07555
"594",8604,"8604_003_5","1986-06-25 03:15:22",3,5,88,23.37,35.07483
"595",8604,"8604_003_5","1986-06-25 03:15:26",3,5,88,23.36,35.07522
"596",8604,"8604_003_5","1986-06-25 03:15:30",3,5,88,23.36,35.07522
"597",8604,"8604_003_5","1986-06-25 03:15:34",3,5,88,23.37,35.07483
"598",8604,"8604_003_5","1986-06-25 03:15:38",3,5,88,23.37,35.07483
"599",8604,"8604_003_5","1986-06-25 03:15:42",3,5,88,23.37,35.08239
"600",8604,"8604_003_5","1986-06-25 03:15:46",3,5,88,23.37,35.08239
"601",8604,"8604_003_5","1986-06-25 03:15:50",3,5,89,23.38,35.08168
"602",8604,"8604_003_5","1986-06-25 03:15:54",3,5,87,23.37,35.08272
"603",8604,"8604_003_5","1986-06-25 03:15:58",3,5,89,23.38,35.08168
"604",8604,"8604_003_5","1986-06-25 03:16:02",3,5,89,23.39,35.0813
"605",8604,"8604_003_5","1986-06-25 03:16:06",3,5,86,23.39,35.08229
"606",8604,"8604_003_5","1986-06-25 03:16:10",3,5,85,23.63,35.03586
"607",8604,"8604_003_5","1986-06-25 03:16:14",3,5,84,23.84,35.02856
"608",8604,"8604_003_5","1986-06-25 03:16:18",3,5,83,23.97,35.01675
"609",8604,"8604_003_5","1986-06-25 03:16:22",3,5,84,24.06,35.02826
"610",8604,"8604_003_6","1986-06-25 03:20:14",3,6,79,24.59,34.96725
"611",8604,"8604_003_6","1986-06-25 03:20:18",3,6,79,24.58,34.96011
"612",8604,"8604_003_6","1986-06-25 03:20:22",3,6,79,24.59,34.95979
"613",8604,"8604_003_6","1986-06-25 03:20:26",3,6,79,24.6,34.95202
"614",8604,"8604_003_6","1986-06-25 03:20:30",3,6,79,24.6,34.95202
"615",8604,"8604_003_6","1986-06-25 03:20:34",3,6,79,24.58,34.95266
"616",8604,"8604_003_6","1986-06-25 03:20:38",3,6,79,24.56,34.96075
"617",8604,"8604_003_6","1986-06-25 03:20:42",3,6,79,24.56,34.96075
"618",8604,"8604_003_6","1986-06-25 03:20:46",3,6,79,24.56,34.96075
"619",8604,"8604_003_6","1986-06-25 03:20:50",3,6,79,24.53,34.97664
"620",8604,"8604_003_6","1986-06-25 03:20:54",3,6,79,24.53,34.97664
"621",8604,"8604_003_6","1986-06-25 03:20:58",3,6,79,24.53,34.97664
"622",8604,"8604_003_6","1986-06-25 03:21:02",3,6,79,24.53,34.96917
"623",8604,"8604_003_6","1986-06-25 03:21:06",3,6,79,24.53,34.97664
"624",8604,"8604_003_6","1986-06-25 03:21:10",3,6,78,24.56,34.96854
"625",8604,"8604_003_6","1986-06-25 03:21:14",3,6,79,24.57,34.96044
"626",8604,"8604_003_6","1986-06-25 03:21:18",3,6,79,24.59,34.95234
"627",8604,"8604_003_6","1986-06-25 03:21:22",3,6,78,24.57,34.96075
"628",8604,"8604_003_6","1986-06-25 03:21:26",3,6,79,24.59,34.95234
"629",8604,"8604_003_6","1986-06-25 03:21:30",3,6,78,24.59,34.95266
"630",8604,"8604_003_6","1986-06-25 03:21:34",3,6,79,24.58,34.96011
"631",8604,"8604_003_6","1986-06-25 03:21:38",3,6,78,24.59,34.95266
"632",8604,"8604_003_6","1986-06-25 03:21:42",3,6,78,24.57,34.96075
"633",8604,"8604_003_6","1986-06-25 03:21:46",3,6,78,24.57,34.96075
"634",8604,"8604_003_6","1986-06-25 03:21:50",3,6,78,24.56,34.96107
"635",8604,"8604_003_6","1986-06-25 03:21:54",3,6,78,24.56,34.96854
"636",8604,"8604_003_6","1986-06-25 03:21:58",3,6,78,24.57,34.96075
"637",8604,"8604_003_6","1986-06-25 03:22:02",3,6,78,24.56,34.96107
"638",8604,"8604_003_6","1986-06-25 03:22:06",3,6,78,24.57,34.96821
"639",8604,"8604_003_6","1986-06-25 03:22:10",3,6,78,24.58,34.95298
"640",8604,"8604_003_6","1986-06-25 03:22:14",3,6,78,24.57,34.96075
"641",8604,"8604_003_6","1986-06-25 03:22:18",3,6,78,24.59,34.96011
"642",8604,"8604_003_6","1986-06-25 03:22:22",3,6,78,24.59,34.96011
"643",8604,"8604_003_6","1986-06-25 03:22:26",3,6,77,24.6,34.95266
"644",8604,"8604_003_6","1986-06-25 03:22:30",3,6,78,24.59,34.96011
"645",8604,"8604_003_6","1986-06-25 03:22:34",3,6,78,24.6,34.95234
"646",8604,"8604_003_6","1986-06-25 03:22:38",3,6,78,24.65,34.95074
"647",8604,"8604_003_6","1986-06-25 03:22:42",3,6,78,24.73,34.94079
"648",8604,"8604_003_6","1986-06-25 03:22:46",3,6,77,24.82,34.93087
"649",8604,"8604_003_6","1986-06-25 03:22:50",3,6,77,24.93,34.90524
"650",8604,"8604_003_6","1986-06-25 03:22:54",3,6,78,24.91,34.91296
"651",8604,"8604_003_6","1986-06-25 03:22:58",3,6,77,24.95,34.91206
"652",8604,"8604_003_6","1986-06-25 03:23:02",3,6,78,25.05,34.89394
"653",8604,"8604_003_6","1986-06-25 03:23:06",3,6,77,25.08,34.89337
"654",8604,"8604_003_6","1986-06-25 03:23:10",3,6,76,25.11,34.89281
"655",8604,"8604_003_6","1986-06-25 03:23:14",3,6,75,25.43,34.8397
"656",8604,"8604_003_6","1986-06-25 03:23:18",3,6,74,25.51,34.83046
"657",8604,"8604_003_6","1986-06-25 03:23:22",3,6,75,25.54,34.82197
"658",8604,"8604_003_6","1986-06-25 03:23:26",3,6,75,25.53,34.82961
"659",8604,"8604_003_6","1986-06-25 03:23:30",3,6,75,25.53,34.82961
"660",8604,"8604_003_6","1986-06-25 03:23:34",3,6,75,25.52,34.83725
"661",8604,"8604_003_6","1986-06-25 03:23:38",3,6,76,25.46,34.83856
"662",8604,"8604_003_6","1986-06-25 03:23:42",3,6,76,25.46,34.84595
"663",8604,"8604_003_6","1986-06-25 03:23:46",3,6,76,25.46,34.83856
"664",8604,"8604_003_6","1986-06-25 03:23:50",3,6,76,25.46,34.83856
"665",8604,"8604_003_6","1986-06-25 03:23:54",3,6,76,25.43,34.85415
"666",8604,"8604_003_6","1986-06-25 03:23:58",3,6,77,25.43,34.84645
"667",8604,"8604_003_6","1986-06-25 03:24:02",3,6,76,25.34,34.86403
"668",8604,"8604_003_6","1986-06-25 03:24:06",3,6,76,25.3,34.86516
"669",8604,"8604_003_6","1986-06-25 03:24:10",3,6,76,25.41,34.85471
"670",8604,"8604_003_6","1986-06-25 03:24:14",3,6,77,25.31,34.87195
"671",8604,"8604_003_6","1986-06-25 03:24:18",3,6,77,25.32,34.86427
"672",8604,"8604_003_6","1986-06-25 03:24:22",3,6,76,25.34,34.86403
"673",8604,"8604_003_6","1986-06-25 03:24:26",3,6,77,25.38,34.85522
"674",8604,"8604_003_6","1986-06-25 03:24:30",3,6,77,25.33,34.864
"675",8604,"8604_003_6","1986-06-25 03:24:34",3,6,77,25.35,34.86344
"676",8604,"8604_003_6","1986-06-25 03:24:38",3,6,76,25.38,34.85553
"677",8604,"8604_003_6","1986-06-25 03:24:42",3,6,75,25.38,34.86323
"678",8604,"8604_003_6","1986-06-25 03:24:46",3,6,74,25.44,34.84712
"679",8604,"8604_003_6","1986-06-25 03:24:50",3,6,73,25.47,34.84662
"680",8604,"8604_003_6","1986-06-25 03:24:54",3,6,73,25.47,34.83185
"681",8604,"8604_003_6","1986-06-25 03:24:58",3,6,73,25.52,34.83051
"682",8604,"8604_003_6","1986-06-25 03:25:02",3,6,73,25.52,34.83051
"683",8604,"8604_003_6","1986-06-25 03:25:06",3,6,74,25.52,34.83756
"684",8604,"8604_003_6","1986-06-25 03:25:10",3,6,74,25.52,34.83756
"685",8604,"8604_003_6","1986-06-25 03:25:14",3,6,73,25.52,34.83788
"686",8604,"8604_003_6","1986-06-25 03:25:18",3,6,74,25.52,34.83756
"687",8604,"8604_003_6","1986-06-25 03:25:22",3,6,74,25.52,34.83756
"688",8604,"8604_003_6","1986-06-25 03:25:26",3,6,74,25.51,34.84522
"689",8604,"8604_003_6","1986-06-25 03:25:30",3,6,74,25.51,34.83785
"690",8604,"8604_003_6","1986-06-25 03:25:34",3,6,74,25.51,34.83785
"691",8604,"8604_003_6","1986-06-25 03:25:38",3,6,74,25.51,34.83785
"692",8604,"8604_003_6","1986-06-25 03:25:42",3,6,74,25.47,34.84631
"693",8604,"8604_003_6","1986-06-25 03:25:46",3,6,73,25.51,34.83816
"694",8604,"8604_003_6","1986-06-25 03:25:50",3,6,72,25.51,34.83846
"695",8604,"8604_003_6","1986-06-25 03:25:54",3,6,72,25.53,34.83054
"696",8604,"8604_003_6","1986-06-25 03:25:58",3,6,70,25.56,34.83037
"697",8604,"8604_003_6","1986-06-25 03:26:02",3,6,71,25.55,34.83032
"698",8604,"8604_003_6","1986-06-25 03:26:06",3,6,71,25.56,34.82268
"699",8604,"8604_003_6","1986-06-25 03:26:10",3,6,71,25.54,34.83796
"700",8604,"8604_003_6","1986-06-25 03:26:14",3,6,71,25.55,34.83032
"701",8604,"8604_003_6","1986-06-25 03:26:18",3,6,71,25.55,34.83769
"702",8604,"8604_003_6","1986-06-25 03:26:22",3,6,71,25.55,34.83032
"703",8604,"8604_003_6","1986-06-25 03:26:26",3,6,71,25.55,34.83769
"704",8604,"8604_003_6","1986-06-25 03:26:30",3,6,71,25.54,34.83796
"705",8604,"8604_003_6","1986-06-25 03:26:34",3,6,71,25.55,34.83769
"706",8604,"8604_003_6","1986-06-25 03:26:38",3,6,71,25.54,34.83796
"707",8604,"8604_003_6","1986-06-25 03:26:42",3,6,71,25.54,34.83796
"708",8604,"8604_003_6","1986-06-25 03:26:46",3,6,71,25.53,34.83823
"709",8604,"8604_003_6","1986-06-25 03:26:50",3,6,71,25.55,34.83769
"710",8604,"8604_003_6","1986-06-25 03:26:54",3,6,71,25.55,34.83769
"711",8604,"8604_003_6","1986-06-25 03:26:58",3,6,71,25.54,34.83796
"712",8604,"8604_003_6","1986-06-25 03:27:02",3,6,71,25.53,34.84561
"713",8604,"8604_003_6","1986-06-25 03:27:06",3,6,71,25.53,34.84561
"714",8604,"8604_003_6","1986-06-25 03:27:10",3,6,71,25.53,34.83823
"715",8604,"8604_003_6","1986-06-25 03:27:14",3,6,71,25.53,34.83823
"716",8604,"8604_003_6","1986-06-25 03:27:18",3,6,71,25.53,34.83085
"717",8604,"8604_003_6","1986-06-25 03:27:22",3,6,71,25.51,34.83878
"718",8604,"8604_003_6","1986-06-25 03:27:26",3,6,71,25.53,34.83823
"719",8604,"8604_003_6","1986-06-25 03:27:30",3,6,71,25.53,34.83823
"720",8604,"8604_003_6","1986-06-25 03:27:34",3,6,71,25.55,34.83769
"721",8604,"8604_003_6","1986-06-25 03:27:38",3,6,69,25.56,34.83068
"722",8604,"8604_003_6","1986-06-25 03:27:42",3,6,68,25.57,34.82334
"723",8604,"8604_003_6","1986-06-25 03:27:46",3,6,68,25.57,34.82334
"724",8604,"8604_003_6","1986-06-25 03:27:50",3,6,68,25.57,34.82334
"725",8604,"8604_003_6","1986-06-25 03:27:54",3,6,68,25.57,34.82334
"726",8604,"8604_003_6","1986-06-25 03:27:58",3,6,68,25.57,34.82334
"727",8604,"8604_003_6","1986-06-25 03:28:02",3,6,68,25.57,34.83072
"728",8604,"8604_003_6","1986-06-25 03:28:06",3,6,68,25.57,34.83072
"729",8604,"8604_003_6","1986-06-25 03:28:10",3,6,68,25.57,34.82334
"730",8604,"8604_003_6","1986-06-25 03:28:14",3,6,68,25.57,34.83072
"731",8604,"8604_003_6","1986-06-25 03:28:18",3,6,68,25.57,34.82334
"732",8604,"8604_003_6","1986-06-25 03:28:22",3,6,68,25.57,34.82334
"733",8604,"8604_003_6","1986-06-25 03:28:26",3,6,69,25.57,34.82303
"734",8604,"8604_003_6","1986-06-25 03:28:30",3,6,68,25.57,34.82334
"735",8604,"8604_003_6","1986-06-25 03:28:34",3,6,68,25.57,34.83072
"736",8604,"8604_003_6","1986-06-25 03:28:38",3,6,67,25.57,34.82366
"737",8604,"8604_003_6","1986-06-25 03:28:42",3,6,66,25.57,34.83135
"738",8604,"8604_003_6","1986-06-25 03:28:46",3,6,65,25.57,34.82428
"739",8604,"8604_003_6","1986-06-25 03:28:50",3,6,64,25.57,34.82459
"740",8604,"8604_003_6","1986-06-25 03:28:54",3,6,65,25.57,34.83166
"741",8604,"8604_003_6","1986-06-25 03:28:58",3,6,64,25.57,34.83197
"742",8604,"8604_003_6","1986-06-25 03:29:02",3,6,65,25.57,34.83166
"743",8604,"8604_003_6","1986-06-25 03:29:06",3,6,64,25.57,34.82459
"744",8604,"8604_003_6","1986-06-25 03:29:10",3,6,65,25.57,34.83166
"745",8604,"8604_003_6","1986-06-25 03:29:14",3,6,65,25.58,34.82402
"746",8604,"8604_003_6","1986-06-25 03:29:18",3,6,64,25.58,34.82432
"747",8604,"8604_003_6","1986-06-25 03:29:22",3,6,64,25.58,34.82432
"748",8604,"8604_003_6","1986-06-25 03:29:26",3,6,64,25.58,34.82432
"749",8604,"8604_003_6","1986-06-25 03:29:30",3,6,65,25.58,34.81664
"750",8604,"8604_003_6","1986-06-25 03:29:34",3,6,64,25.58,34.82432
"751",8604,"8604_003_6","1986-06-25 03:29:38",3,6,64,25.58,34.82432
"752",8604,"8604_003_6","1986-06-25 03:29:42",3,6,65,25.58,34.82402
"753",8604,"8604_003_6","1986-06-25 03:29:46",3,6,64,25.58,34.82432
"754",8604,"8604_003_6","1986-06-25 03:29:50",3,6,64,25.58,34.82432
"755",8604,"8604_003_6","1986-06-25 03:29:54",3,6,64,25.58,34.82432
"756",8604,"8604_003_6","1986-06-25 03:29:58",3,6,64,25.58,34.82432
"757",8604,"8604_003_6","1986-06-25 03:30:02",3,6,64,25.58,34.82432
"758",8604,"8604_003_6","1986-06-25 03:30:06",3,6,64,25.58,34.82432
"759",8604,"8604_003_6","1986-06-25 03:30:10",3,6,64,25.58,34.82432
"760",8604,"8604_003_6","1986-06-25 03:30:14",3,6,63,25.58,34.82463
"761",8604,"8604_003_6","1986-06-25 03:30:18",3,6,64,25.58,34.82432
"762",8604,"8604_003_6","1986-06-25 03:30:22",3,6,64,25.58,34.82432
"763",8604,"8604_003_6","1986-06-25 03:30:26",3,6,63,25.58,34.82463
"764",8604,"8604_003_6","1986-06-25 03:30:30",3,6,63,25.58,34.82463
"765",8604,"8604_003_6","1986-06-25 03:30:34",3,6,63,25.58,34.82463
"766",8604,"8604_003_6","1986-06-25 03:30:38",3,6,63,25.58,34.82463
"767",8604,"8604_003_6","1986-06-25 03:30:42",3,6,62,25.58,34.81758
"768",8604,"8604_003_6","1986-06-25 03:30:46",3,6,62,25.58,34.82495
"769",8604,"8604_003_6","1986-06-25 03:30:50",3,6,62,25.58,34.82495
"770",8604,"8604_003_6","1986-06-25 03:30:54",3,6,62,25.58,34.82495
"771",8604,"8604_003_6","1986-06-25 03:30:58",3,6,62,25.58,34.82495
"772",8604,"8604_003_6","1986-06-25 03:31:02",3,6,62,25.58,34.83232
"773",8604,"8604_003_6","1986-06-25 03:31:06",3,6,62,25.58,34.82495
"774",8604,"8604_003_6","1986-06-25 03:31:10",3,6,61,25.58,34.82526
"775",8604,"8604_003_6","1986-06-25 03:31:14",3,6,61,25.59,34.81762
"776",8604,"8604_003_6","1986-06-25 03:31:18",3,6,61,25.58,34.82526
"777",8604,"8604_003_6","1986-06-25 03:31:22",3,6,61,25.57,34.82552
"778",8604,"8604_003_6","1986-06-25 03:31:26",3,6,61,25.56,34.82579
"779",8604,"8604_003_6","1986-06-25 03:31:30",3,6,60,25.56,34.83348
"780",8604,"8604_003_6","1986-06-25 03:31:34",3,6,60,25.57,34.81847
"781",8604,"8604_003_6","1986-06-25 03:31:38",3,6,60,25.57,34.82584
"782",8604,"8604_003_6","1986-06-25 03:31:42",3,6,60,25.59,34.81794
"783",8604,"8604_003_6","1986-06-25 03:31:46",3,6,60,25.59,34.81794
"784",8604,"8604_003_6","1986-06-25 03:31:50",3,6,60,25.59,34.82531
"785",8604,"8604_003_6","1986-06-25 03:31:54",3,6,60,25.59,34.81794
"786",8604,"8604_003_6","1986-06-25 03:31:58",3,6,60,25.59,34.81794
"787",8604,"8604_003_6","1986-06-25 03:32:02",3,6,60,25.59,34.82531
"788",8604,"8604_003_6","1986-06-25 03:32:06",3,6,60,25.59,34.82531
"789",8604,"8604_003_7","1986-06-25 03:32:10",3,7,60,25.59,34.82531
"790",8604,"8604_003_7","1986-06-25 03:32:14",3,7,59,25.58,34.82588
"791",8604,"8604_003_7","1986-06-25 03:32:18",3,7,60,25.61,34.82477
"792",8604,"8604_003_7","1986-06-25 03:32:22",3,7,60,25.59,34.82531
"793",8604,"8604_003_7","1986-06-25 03:32:26",3,7,59,25.54,34.83433
"794",8604,"8604_003_7","1986-06-25 03:32:30",3,7,59,25.54,34.83433
"795",8604,"8604_003_7","1986-06-25 03:32:34",3,7,60,25.55,34.82637
"796",8604,"8604_003_7","1986-06-25 03:32:38",3,7,59,25.55,34.83405
"797",8604,"8604_003_7","1986-06-25 03:32:42",3,7,59,25.55,34.83405
"798",8604,"8604_003_7","1986-06-25 03:32:46",3,7,59,25.55,34.83405
"799",8604,"8604_003_7","1986-06-25 03:32:50",3,7,59,25.55,34.82668
"800",8604,"8604_003_7","1986-06-25 03:32:54",3,7,59,25.55,34.83405
"801",8604,"8604_003_7","1986-06-25 03:32:58",3,7,59,25.55,34.83405
"802",8604,"8604_003_7","1986-06-25 03:33:02",3,7,59,25.53,34.84197
"803",8604,"8604_003_7","1986-06-25 03:33:06",3,7,59,25.53,34.84197
"804",8604,"8604_003_7","1986-06-25 03:33:10",3,7,59,25.53,34.8346
"805",8604,"8604_003_7","1986-06-25 03:33:14",3,7,59,25.53,34.8346
"806",8604,"8604_003_7","1986-06-25 03:33:18",3,7,59,25.53,34.84197
"807",8604,"8604_003_7","1986-06-25 03:33:22",3,7,59,25.54,34.82696
"808",8604,"8604_003_7","1986-06-25 03:33:26",3,7,59,25.54,34.82696
"809",8604,"8604_003_7","1986-06-25 03:33:30",3,7,59,25.53,34.8346
"810",8604,"8604_003_7","1986-06-25 03:33:34",3,7,59,25.53,34.8346
"811",8604,"8604_003_7","1986-06-25 03:33:38",3,7,59,25.53,34.8346
"812",8604,"8604_003_7","1986-06-25 03:33:42",3,7,59,25.53,34.8346
"813",8604,"8604_003_7","1986-06-25 03:33:46",3,7,58,25.53,34.8349
"814",8604,"8604_003_7","1986-06-25 03:33:50",3,7,58,25.53,34.8349
"815",8604,"8604_003_7","1986-06-25 03:33:54",3,7,57,25.53,34.83521
"816",8604,"8604_003_7","1986-06-25 03:33:58",3,7,56,25.53,34.83553
"817",8604,"8604_003_7","1986-06-25 03:34:02",3,7,56,25.53,34.83553
"818",8604,"8604_003_7","1986-06-25 03:34:06",3,7,55,25.53,34.82847
"819",8604,"8604_003_7","1986-06-25 03:34:10",3,7,55,25.53,34.83584
"820",8604,"8604_003_7","1986-06-25 03:34:14",3,7,55,25.53,34.82847
"821",8604,"8604_003_7","1986-06-25 03:34:18",3,7,55,25.53,34.83584
"822",8604,"8604_003_7","1986-06-25 03:34:22",3,7,55,25.53,34.82847
"823",8604,"8604_003_7","1986-06-25 03:34:26",3,7,55,25.52,34.83611
"824",8604,"8604_003_7","1986-06-25 03:34:30",3,7,54,25.52,34.83643
"825",8604,"8604_003_7","1986-06-25 03:34:34",3,7,55,25.53,34.83584
"826",8604,"8604_003_7","1986-06-25 03:34:38",3,7,55,25.53,34.82847
"827",8604,"8604_003_7","1986-06-25 03:34:42",3,7,55,25.53,34.82847
"828",8604,"8604_003_7","1986-06-25 03:34:46",3,7,54,25.52,34.83643
"829",8604,"8604_003_7","1986-06-25 03:34:50",3,7,54,25.54,34.82852
"830",8604,"8604_003_7","1986-06-25 03:34:54",3,7,54,25.54,34.82852
"831",8604,"8604_003_7","1986-06-25 03:34:58",3,7,54,25.54,34.83589
"832",8604,"8604_003_7","1986-06-25 03:35:02",3,7,54,25.55,34.82824
"833",8604,"8604_003_7","1986-06-25 03:35:06",3,7,54,25.56,34.82797
"834",8604,"8604_003_7","1986-06-25 03:35:10",3,7,54,25.59,34.81981
"835",8604,"8604_003_7","1986-06-25 03:35:14",3,7,53,25.61,34.82695
"836",8604,"8604_003_7","1986-06-25 03:35:18",3,7,53,25.66,34.8109
"837",8604,"8604_003_7","1986-06-25 03:35:22",3,7,53,25.61,34.82695
"838",8604,"8604_003_7","1986-06-25 03:35:26",3,7,53,25.59,34.82012
"839",8604,"8604_003_7","1986-06-25 03:35:30",3,7,53,25.6,34.83459
"840",8604,"8604_003_7","1986-06-25 03:35:34",3,7,53,25.63,34.83379
"841",8604,"8604_003_7","1986-06-25 03:35:38",3,7,53,25.67,34.818
"842",8604,"8604_003_7","1986-06-25 03:35:42",3,7,53,25.69,34.81748
"843",8604,"8604_003_7","1986-06-25 03:35:46",3,7,53,25.69,34.81748
"844",8604,"8604_003_7","1986-06-25 03:35:50",3,7,53,25.66,34.81826
"845",8604,"8604_003_7","1986-06-25 03:35:54",3,7,53,25.68,34.81774
"846",8604,"8604_003_7","1986-06-25 03:35:58",3,7,53,25.69,34.81748
"847",8604,"8604_003_7","1986-06-25 03:36:02",3,7,52,25.69,34.81779
"848",8604,"8604_003_7","1986-06-25 03:36:06",3,7,52,25.69,34.81779
"849",8604,"8604_003_7","1986-06-25 03:36:10",3,7,52,25.69,34.82515
"850",8604,"8604_003_7","1986-06-25 03:36:14",3,7,52,25.7,34.81753
"851",8604,"8604_003_7","1986-06-25 03:36:18",3,7,52,25.69,34.82515
"852",8604,"8604_003_7","1986-06-25 03:36:22",3,7,52,25.7,34.81753
"853",8604,"8604_003_7","1986-06-25 03:36:26",3,7,51,25.7,34.81048
"854",8604,"8604_003_7","1986-06-25 03:36:30",3,7,51,25.7,34.81783
"855",8604,"8604_003_7","1986-06-25 03:36:34",3,7,51,25.7,34.81783
"856",8604,"8604_003_7","1986-06-25 03:36:38",3,7,51,25.7,34.81783
"857",8604,"8604_003_7","1986-06-25 03:36:42",3,7,51,25.71,34.8102
"858",8604,"8604_003_7","1986-06-25 03:36:46",3,7,51,25.7,34.81783
"859",8604,"8604_003_7","1986-06-25 03:36:50",3,7,51,25.71,34.8102
"860",8604,"8604_003_7","1986-06-25 03:36:54",3,7,50,25.71,34.81052
"861",8604,"8604_003_7","1986-06-25 03:36:58",3,7,51,25.71,34.81757
"862",8604,"8604_003_7","1986-06-25 03:37:02",3,7,50,25.71,34.81052
"863",8604,"8604_003_7","1986-06-25 03:37:06",3,7,50,25.71,34.81788
"864",8604,"8604_003_7","1986-06-25 03:37:10",3,7,50,25.71,34.81052
"865",8604,"8604_003_7","1986-06-25 03:37:14",3,7,50,25.71,34.81788
"866",8604,"8604_003_7","1986-06-25 03:37:18",3,7,51,25.71,34.81757
"867",8604,"8604_003_7","1986-06-25 03:37:22",3,7,50,25.71,34.81788
"868",8604,"8604_003_7","1986-06-25 03:37:26",3,7,50,25.71,34.81788
"869",8604,"8604_003_7","1986-06-25 03:37:30",3,7,51,25.71,34.8102
"870",8604,"8604_003_7","1986-06-25 03:37:34",3,7,50,25.7,34.82551
"871",8604,"8604_003_7","1986-06-25 03:37:38",3,7,50,25.71,34.81052
"872",8604,"8604_003_7","1986-06-25 03:37:42",3,7,50,25.7,34.81815
"873",8604,"8604_003_7","1986-06-25 03:37:46",3,7,50,25.7,34.81815
"874",8604,"8604_003_7","1986-06-25 03:37:50",3,7,50,25.71,34.81052
"875",8604,"8604_003_7","1986-06-25 03:37:54",3,7,50,25.7,34.81815
"876",8604,"8604_003_7","1986-06-25 03:37:58",3,7,50,25.7,34.81815
"877",8604,"8604_003_7","1986-06-25 03:38:02",3,7,50,25.7,34.81815
"878",8604,"8604_003_7","1986-06-25 03:38:06",3,7,51,25.7,34.81783
"879",8604,"8604_003_7","1986-06-25 03:38:10",3,7,50,25.7,34.82551
"880",8604,"8604_003_7","1986-06-25 03:38:14",3,7,50,25.7,34.82551
"881",8604,"8604_003_7","1986-06-25 03:38:18",3,7,50,25.7,34.81815
"882",8604,"8604_003_7","1986-06-25 03:38:22",3,7,50,25.7,34.81815
"883",8604,"8604_003_7","1986-06-25 03:38:26",3,7,50,25.7,34.81815
"884",8604,"8604_003_7","1986-06-25 03:38:30",3,7,50,25.7,34.81815
"885",8604,"8604_003_7","1986-06-25 03:38:34",3,7,50,25.7,34.81815
"886",8604,"8604_003_7","1986-06-25 03:38:38",3,7,50,25.69,34.82577
"887",8604,"8604_003_7","1986-06-25 03:38:42",3,7,50,25.69,34.82577
"888",8604,"8604_003_7","1986-06-25 03:38:46",3,7,50,25.69,34.82577
"889",8604,"8604_003_7","1986-06-25 03:38:50",3,7,50,25.69,34.81841
"890",8604,"8604_003_7","1986-06-25 03:38:54",3,7,50,25.69,34.82577
"891",8604,"8604_003_7","1986-06-25 03:38:58",3,7,50,25.69,34.82577
"892",8604,"8604_003_7","1986-06-25 03:39:02",3,7,50,25.7,34.81079
"893",8604,"8604_003_7","1986-06-25 03:39:06",3,7,49,25.69,34.81872
"894",8604,"8604_003_7","1986-06-25 03:39:10",3,7,50,25.69,34.81841
"895",8604,"8604_003_7","1986-06-25 03:39:14",3,7,50,25.69,34.82577
"896",8604,"8604_003_7","1986-06-25 03:39:18",3,7,50,25.69,34.81841
"897",8604,"8604_003_7","1986-06-25 03:39:22",3,7,49,25.69,34.81872
"898",8604,"8604_003_7","1986-06-25 03:39:26",3,7,49,25.69,34.81872
"899",8604,"8604_003_7","1986-06-25 03:39:30",3,7,50,25.69,34.81841
"900",8604,"8604_003_7","1986-06-25 03:39:34",3,7,49,25.69,34.81872
"901",8604,"8604_003_7","1986-06-25 03:39:38",3,7,49,25.69,34.81136
"902",8604,"8604_003_7","1986-06-25 03:39:42",3,7,49,25.69,34.81872
"903",8604,"8604_003_7","1986-06-25 03:39:46",3,7,50,25.69,34.81105
"904",8604,"8604_003_7","1986-06-25 03:39:50",3,7,49,25.69,34.81136
"905",8604,"8604_003_7","1986-06-25 03:39:54",3,7,49,25.68,34.81898
"906",8604,"8604_003_7","1986-06-25 03:39:58",3,7,50,25.68,34.82604
"907",8604,"8604_003_7","1986-06-25 03:40:02",3,7,49,25.68,34.81898
"908",8604,"8604_003_7","1986-06-25 03:40:06",3,7,49,25.68,34.81898
"909",8604,"8604_003_7","1986-06-25 03:40:10",3,7,49,25.68,34.81898
"910",8604,"8604_003_7","1986-06-25 03:40:14",3,7,49,25.68,34.81898
"911",8604,"8604_003_7","1986-06-25 03:40:18",3,7,47,25.68,34.8196
"912",8604,"8604_003_7","1986-06-25 03:40:22",3,7,46,25.68,34.81256
"913",8604,"8604_003_7","1986-06-25 03:40:26",3,7,46,25.68,34.81991
"914",8604,"8604_003_7","1986-06-25 03:40:30",3,7,46,25.68,34.81991
"915",8604,"8604_003_7","1986-06-25 03:40:34",3,7,47,25.68,34.81224
"916",8604,"8604_003_7","1986-06-25 03:40:38",3,7,46,25.68,34.81256
"917",8604,"8604_003_7","1986-06-25 03:40:42",3,7,46,25.68,34.81991
"918",8604,"8604_003_7","1986-06-25 03:40:46",3,7,47,25.67,34.81987
"919",8604,"8604_003_7","1986-06-25 03:40:50",3,7,46,25.67,34.82018
"920",8604,"8604_003_7","1986-06-25 03:40:54",3,7,47,25.67,34.81987
"921",8604,"8604_003_7","1986-06-25 03:40:58",3,7,46,25.67,34.82018
"922",8604,"8604_003_7","1986-06-25 03:41:02",3,7,46,25.67,34.82018
"923",8604,"8604_003_7","1986-06-25 03:41:06",3,7,47,25.67,34.81987
"924",8604,"8604_003_7","1986-06-25 03:41:10",3,7,47,25.67,34.81987
"925",8604,"8604_003_7","1986-06-25 03:41:14",3,7,47,25.67,34.81987
"926",8604,"8604_003_7","1986-06-25 03:41:18",3,7,47,25.67,34.8125
"927",8604,"8604_003_7","1986-06-25 03:41:22",3,7,47,25.67,34.81987
"928",8604,"8604_003_7","1986-06-25 03:41:26",3,7,47,25.67,34.8125
"929",8604,"8604_003_7","1986-06-25 03:41:30",3,7,47,25.67,34.81987
"930",8604,"8604_003_7","1986-06-25 03:41:34",3,7,47,25.67,34.81987
"931",8604,"8604_003_7","1986-06-25 03:41:38",3,7,47,25.66,34.82013
"932",8604,"8604_003_7","1986-06-25 03:41:42",3,7,46,25.67,34.82018
"933",8604,"8604_003_7","1986-06-25 03:41:46",3,7,44,25.67,34.8208
"934",8604,"8604_003_7","1986-06-25 03:41:50",3,7,43,25.67,34.82111
"935",8604,"8604_003_7","1986-06-25 03:41:54",3,7,44,25.67,34.8208
"936",8604,"8604_003_7","1986-06-25 03:41:58",3,7,44,25.67,34.8208
"937",8604,"8604_003_7","1986-06-25 03:42:02",3,7,44,25.67,34.8208
"938",8604,"8604_003_7","1986-06-25 03:42:06",3,7,44,25.67,34.8208
"939",8604,"8604_003_7","1986-06-25 03:42:10",3,7,44,25.67,34.81343
"940",8604,"8604_003_7","1986-06-25 03:42:14",3,7,44,25.67,34.81343
"941",8604,"8604_003_7","1986-06-25 03:42:18",3,7,44,25.67,34.8208
"942",8604,"8604_003_7","1986-06-25 03:42:22",3,7,44,25.66,34.82107
"943",8604,"8604_003_7","1986-06-25 03:42:26",3,7,44,25.67,34.81343
"944",8604,"8604_003_7","1986-06-25 03:42:30",3,7,44,25.66,34.82107
"945",8604,"8604_003_7","1986-06-25 03:42:34",3,7,44,25.66,34.82107
"946",8604,"8604_003_7","1986-06-25 03:42:38",3,7,44,25.66,34.82107
"947",8604,"8604_003_7","1986-06-25 03:42:42",3,7,44,25.66,34.82107
"948",8604,"8604_003_7","1986-06-25 03:42:46",3,7,44,25.66,34.82107
"949",8604,"8604_003_7","1986-06-25 03:42:50",3,7,44,25.66,34.82107
"950",8604,"8604_003_7","1986-06-25 03:42:54",3,7,44,25.67,34.81343
"951",8604,"8604_003_7","1986-06-25 03:42:58",3,7,45,25.67,34.81313
"952",8604,"8604_003_7","1986-06-25 03:43:02",3,7,44,25.67,34.81343
"953",8604,"8604_003_7","1986-06-25 03:43:06",3,7,44,25.66,34.82843
"954",8604,"8604_003_7","1986-06-25 03:43:10",3,7,44,25.67,34.81343
"955",8604,"8604_003_7","1986-06-25 03:43:14",3,7,44,25.66,34.82107
"956",8604,"8604_003_7","1986-06-25 03:43:18",3,7,44,25.66,34.82107
"957",8604,"8604_003_7","1986-06-25 03:43:22",3,7,43,25.67,34.81375
"958",8604,"8604_003_7","1986-06-25 03:43:26",3,7,42,25.67,34.82143
"959",8604,"8604_003_7","1986-06-25 03:43:30",3,7,41,25.67,34.82174
"960",8604,"8604_003_7","1986-06-25 03:43:34",3,7,41,25.67,34.82174
"961",8604,"8604_003_7","1986-06-25 03:43:38",3,7,41,25.67,34.82174
"962",8604,"8604_003_7","1986-06-25 03:43:42",3,7,41,25.67,34.81437
"963",8604,"8604_003_7","1986-06-25 03:43:46",3,7,41,25.67,34.82174
"964",8604,"8604_003_7","1986-06-25 03:43:50",3,7,41,25.66,34.822
"965",8604,"8604_003_7","1986-06-25 03:43:54",3,7,41,25.66,34.822
"966",8604,"8604_003_7","1986-06-25 03:43:58",3,7,41,25.66,34.822
"967",8604,"8604_003_8","1986-06-25 03:44:02",3,8,41,25.66,34.81462
"968",8604,"8604_003_8","1986-06-25 03:44:06",3,8,41,25.66,34.822
"969",8604,"8604_003_8","1986-06-25 03:44:10",3,8,41,25.67,34.81437
"970",8604,"8604_003_8","1986-06-25 03:44:14",3,8,41,25.66,34.822
"971",8604,"8604_003_8","1986-06-25 03:44:18",3,8,41,25.66,34.822
"972",8604,"8604_003_8","1986-06-25 03:44:22",3,8,41,25.66,34.81462
"973",8604,"8604_003_8","1986-06-25 03:44:26",3,8,41,25.66,34.822
"974",8604,"8604_003_8","1986-06-25 03:44:30",3,8,41,25.66,34.822
"975",8604,"8604_003_8","1986-06-25 03:44:34",3,8,41,25.66,34.822
"976",8604,"8604_003_8","1986-06-25 03:44:38",3,8,41,25.66,34.822
"977",8604,"8604_003_8","1986-06-25 03:44:42",3,8,41,25.66,34.822
"978",8604,"8604_003_8","1986-06-25 03:44:46",3,8,41,25.66,34.822
"979",8604,"8604_003_8","1986-06-25 03:44:50",3,8,41,25.66,34.822
"980",8604,"8604_003_8","1986-06-25 03:44:54",3,8,41,25.66,34.81462
"981",8604,"8604_003_8","1986-06-25 03:44:58",3,8,40,25.66,34.82231
"982",8604,"8604_003_8","1986-06-25 03:45:02",3,8,40,25.66,34.81494
"983",8604,"8604_003_8","1986-06-25 03:45:06",3,8,41,25.66,34.81462
"984",8604,"8604_003_8","1986-06-25 03:45:10",3,8,40,25.66,34.82231
"985",8604,"8604_003_8","1986-06-25 03:45:14",3,8,41,25.66,34.81462
"986",8604,"8604_003_8","1986-06-25 03:45:18",3,8,41,25.66,34.81462
"987",8604,"8604_003_8","1986-06-25 03:45:22",3,8,41,25.66,34.81462
"988",8604,"8604_003_8","1986-06-25 03:45:26",3,8,41,25.66,34.822
"989",8604,"8604_003_8","1986-06-25 03:45:30",3,8,40,25.66,34.81494
"990",8604,"8604_003_8","1986-06-25 03:45:34",3,8,40,25.66,34.81494
"991",8604,"8604_003_8","1986-06-25 03:45:38",3,8,38,25.66,34.81556
"992",8604,"8604_003_8","1986-06-25 03:45:42",3,8,38,25.66,34.81556
"993",8604,"8604_003_8","1986-06-25 03:45:46",3,8,39,25.66,34.82262
"994",8604,"8604_003_8","1986-06-25 03:45:50",3,8,39,25.66,34.81526
"995",8604,"8604_003_8","1986-06-25 03:45:54",3,8,39,25.66,34.81526
"996",8604,"8604_003_8","1986-06-25 03:45:58",3,8,38,25.66,34.81556
"997",8604,"8604_003_8","1986-06-25 03:46:02",3,8,39,25.65,34.82288
"998",8604,"8604_003_8","1986-06-25 03:46:06",3,8,39,25.65,34.82288
"999",8604,"8604_003_8","1986-06-25 03:46:10",3,8,39,25.65,34.82288
"1000",8604,"8604_003_8","1986-06-25 03:46:14",3,8,39,25.65,34.82288
"1001",8604,"8604_003_8","1986-06-25 03:46:18",3,8,39,25.65,34.82288
"1002",8604,"8604_003_8","1986-06-25 03:46:22",3,8,40,25.65,34.82258
"1003",8604,"8604_003_8","1986-06-25 03:46:26",3,8,39,25.65,34.81551
"1004",8604,"8604_003_8","1986-06-25 03:46:30",3,8,38,25.65,34.82319
"1005",8604,"8604_003_8","1986-06-25 03:46:34",3,8,37,25.65,34.82351
"1006",8604,"8604_003_8","1986-06-25 03:46:38",3,8,36,25.66,34.81619
"1007",8604,"8604_003_8","1986-06-25 03:46:42",3,8,36,25.66,34.81619
"1008",8604,"8604_003_8","1986-06-25 03:46:46",3,8,36,25.66,34.81619
"1009",8604,"8604_003_8","1986-06-25 03:46:50",3,8,36,25.66,34.81619
"1010",8604,"8604_003_8","1986-06-25 03:46:54",3,8,36,25.66,34.81619
"1011",8604,"8604_003_8","1986-06-25 03:46:58",3,8,36,25.66,34.81619
"1012",8604,"8604_003_8","1986-06-25 03:47:02",3,8,36,25.66,34.81619
"1013",8604,"8604_003_8","1986-06-25 03:47:06",3,8,36,25.66,34.81619
"1014",8604,"8604_003_8","1986-06-25 03:47:10",3,8,37,25.66,34.81587
"1015",8604,"8604_003_8","1986-06-25 03:47:14",3,8,36,25.66,34.81619
"1016",8604,"8604_003_8","1986-06-25 03:47:18",3,8,36,25.66,34.81619
"1017",8604,"8604_003_8","1986-06-25 03:47:22",3,8,36,25.66,34.81619
"1018",8604,"8604_003_8","1986-06-25 03:47:26",3,8,37,25.65,34.82351
"1019",8604,"8604_003_8","1986-06-25 03:47:30",3,8,36,25.65,34.82382
"1020",8604,"8604_003_8","1986-06-25 03:47:34",3,8,36,25.65,34.81645
"1021",8604,"8604_003_8","1986-06-25 03:47:38",3,8,36,25.65,34.82382
"1022",8604,"8604_003_8","1986-06-25 03:47:42",3,8,36,25.66,34.81619
"1023",8604,"8604_003_8","1986-06-25 03:47:46",3,8,37,25.66,34.81587
"1024",8604,"8604_003_8","1986-06-25 03:47:50",3,8,36,25.65,34.81645
"1025",8604,"8604_003_8","1986-06-25 03:47:54",3,8,37,25.66,34.81587
"1026",8604,"8604_003_8","1986-06-25 03:47:58",3,8,37,25.66,34.80851
"1027",8604,"8604_003_8","1986-06-25 03:48:02",3,8,36,25.66,34.81619
"1028",8604,"8604_003_8","1986-06-25 03:48:06",3,8,36,25.66,34.81619
"1029",8604,"8604_003_8","1986-06-25 03:48:10",3,8,36,25.66,34.82355
"1030",8604,"8604_003_8","1986-06-25 03:48:14",3,8,37,25.66,34.81587
"1031",8604,"8604_003_8","1986-06-25 03:48:18",3,8,36,25.66,34.81619
"1032",8604,"8604_003_8","1986-06-25 03:48:22",3,8,36,25.66,34.81619
"1033",8604,"8604_003_8","1986-06-25 03:48:26",3,8,36,25.67,34.81592
"1034",8604,"8604_003_8","1986-06-25 03:48:30",3,8,35,25.67,34.80887
"1035",8604,"8604_003_8","1986-06-25 03:48:34",3,8,33,25.67,34.82422
"1036",8604,"8604_003_8","1986-06-25 03:48:38",3,8,32,25.68,34.8169
"1037",8604,"8604_003_8","1986-06-25 03:48:42",3,8,33,25.67,34.81686
"1038",8604,"8604_003_8","1986-06-25 03:48:46",3,8,33,25.67,34.81686
"1039",8604,"8604_003_8","1986-06-25 03:48:50",3,8,33,25.67,34.82422
"1040",8604,"8604_003_8","1986-06-25 03:48:54",3,8,33,25.68,34.81659
"1041",8604,"8604_003_8","1986-06-25 03:48:58",3,8,32,25.68,34.8169
"1042",8604,"8604_003_8","1986-06-25 03:49:02",3,8,32,25.67,34.82453
"1043",8604,"8604_003_8","1986-06-25 03:49:06",3,8,33,25.67,34.81686
"1044",8604,"8604_003_8","1986-06-25 03:49:10",3,8,32,25.68,34.8169
"1045",8604,"8604_003_8","1986-06-25 03:49:14",3,8,32,25.68,34.80954
"1046",8604,"8604_003_8","1986-06-25 03:49:18",3,8,33,25.67,34.82422
"1047",8604,"8604_003_8","1986-06-25 03:49:22",3,8,32,25.68,34.80954
"1048",8604,"8604_003_8","1986-06-25 03:49:26",3,8,32,25.68,34.8169
"1049",8604,"8604_003_8","1986-06-25 03:49:30",3,8,32,25.69,34.81665
"1050",8604,"8604_003_8","1986-06-25 03:49:34",3,8,32,25.68,34.80954
"1051",8604,"8604_003_8","1986-06-25 03:49:38",3,8,32,25.69,34.82401
"1052",8604,"8604_003_8","1986-06-25 03:49:42",3,8,32,25.69,34.80928
"1053",8604,"8604_003_8","1986-06-25 03:49:46",3,8,32,25.68,34.8169
"1054",8604,"8604_003_8","1986-06-25 03:49:50",3,8,31,25.68,34.81722
"1055",8604,"8604_003_8","1986-06-25 03:49:54",3,8,31,25.69,34.81695
"1056",8604,"8604_003_8","1986-06-25 03:49:58",3,8,30,25.7,34.80964
"1057",8604,"8604_003_8","1986-06-25 03:50:02",3,8,29,25.69,34.81757
"1058",8604,"8604_003_8","1986-06-25 03:50:06",3,8,28,25.72,34.81711
"1059",8604,"8604_003_8","1986-06-25 03:50:10",3,8,27,25.74,34.81689
"1060",8604,"8604_003_8","1986-06-25 03:50:14",3,8,28,25.74,34.81658
"1061",8604,"8604_003_8","1986-06-25 03:50:18",3,8,27,25.74,34.81689
"1062",8604,"8604_003_8","1986-06-25 03:50:22",3,8,27,25.74,34.82426
"1063",8604,"8604_003_8","1986-06-25 03:50:26",3,8,27,25.74,34.81689
"1064",8604,"8604_003_8","1986-06-25 03:50:30",3,8,27,25.73,34.81716
"1065",8604,"8604_003_8","1986-06-25 03:50:34",3,8,27,25.74,34.81689
"1066",8604,"8604_003_8","1986-06-25 03:50:38",3,8,27,25.74,34.81689
"1067",8604,"8604_003_8","1986-06-25 03:50:42",3,8,27,25.74,34.82426
"1068",8604,"8604_003_8","1986-06-25 03:50:46",3,8,27,25.74,34.81689
"1069",8604,"8604_003_8","1986-06-25 03:50:50",3,8,27,25.74,34.82426
"1070",8604,"8604_003_8","1986-06-25 03:50:54",3,8,27,25.74,34.81689
"1071",8604,"8604_003_8","1986-06-25 03:50:58",3,8,27,25.74,34.81689
"1072",8604,"8604_003_8","1986-06-25 03:51:02",3,8,27,25.74,34.81689
"1073",8604,"8604_003_8","1986-06-25 03:51:06",3,8,27,25.74,34.81689
"1074",8604,"8604_003_8","1986-06-25 03:51:10",3,8,27,25.74,34.81689
"1075",8604,"8604_003_8","1986-06-25 03:51:14",3,8,27,25.73,34.81716
"1076",8604,"8604_003_8","1986-06-25 03:51:18",3,8,27,25.74,34.81689
"1077",8604,"8604_003_8","1986-06-25 03:51:22",3,8,28,25.74,34.81658
"1078",8604,"8604_003_8","1986-06-25 03:51:26",3,8,27,25.74,34.81689
"1079",8604,"8604_003_8","1986-06-25 03:51:30",3,8,27,25.74,34.81689
"1080",8604,"8604_003_8","1986-06-25 03:51:34",3,8,28,25.74,34.81658
"1081",8604,"8604_003_8","1986-06-25 03:51:38",3,8,27,25.74,34.81689
"1082",8604,"8604_003_8","1986-06-25 03:51:42",3,8,27,25.74,34.81689
"1083",8604,"8604_003_8","1986-06-25 03:51:46",3,8,28,25.74,34.81658
"1084",8604,"8604_003_8","1986-06-25 03:51:50",3,8,27,25.74,34.80953
"1085",8604,"8604_003_8","1986-06-25 03:51:54",3,8,27,25.74,34.81689
"1086",8604,"8604_003_8","1986-06-25 03:51:58",3,8,28,25.73,34.8242
"1087",8604,"8604_003_8","1986-06-25 03:52:02",3,8,28,25.72,34.81711
"1088",8604,"8604_003_8","1986-06-25 03:52:06",3,8,27,25.71,34.81767
"1089",8604,"8604_003_8","1986-06-25 03:52:10",3,8,28,25.71,34.80999
"1090",8604,"8604_003_8","1986-06-25 03:52:14",3,8,28,25.71,34.81736
"1091",8604,"8604_003_8","1986-06-25 03:52:18",3,8,28,25.7,34.81763
"1092",8604,"8604_003_8","1986-06-25 03:52:22",3,8,28,25.7,34.81763
"1093",8604,"8604_003_8","1986-06-25 03:52:26",3,8,28,25.7,34.81763
"1094",8604,"8604_003_8","1986-06-25 03:52:30",3,8,28,25.7,34.81763
"1095",8604,"8604_003_8","1986-06-25 03:52:34",3,8,28,25.7,34.81763
"1096",8604,"8604_003_8","1986-06-25 03:52:38",3,8,28,25.69,34.81788
"1097",8604,"8604_003_8","1986-06-25 03:52:42",3,8,27,25.7,34.81793
"1098",8604,"8604_003_8","1986-06-25 03:52:46",3,8,26,25.7,34.81824
"1099",8604,"8604_003_8","1986-06-25 03:52:50",3,8,26,25.71,34.81799
"1100",8604,"8604_003_8","1986-06-25 03:52:54",3,8,25,25.73,34.82513
"1101",8604,"8604_003_8","1986-06-25 03:52:58",3,8,25,25.74,34.81751
"1102",8604,"8604_003_8","1986-06-25 03:53:02",3,8,25,25.74,34.81751
"1103",8604,"8604_003_8","1986-06-25 03:53:06",3,8,26,25.73,34.82482
"1104",8604,"8604_003_8","1986-06-25 03:53:10",3,8,26,25.73,34.81746
"1105",8604,"8604_003_8","1986-06-25 03:53:14",3,8,26,25.72,34.81772
"1106",8604,"8604_003_8","1986-06-25 03:53:18",3,8,26,25.71,34.81799
"1107",8604,"8604_003_8","1986-06-25 03:53:22",3,8,26,25.71,34.81062
"1108",8604,"8604_003_8","1986-06-25 03:53:26",3,8,27,25.71,34.81767
"1109",8604,"8604_003_8","1986-06-25 03:53:30",3,8,26,25.71,34.81799
"1110",8604,"8604_003_8","1986-06-25 03:53:34",3,8,27,25.71,34.81767
"1111",8604,"8604_003_8","1986-06-25 03:53:38",3,8,27,25.7,34.8253
"1112",8604,"8604_003_8","1986-06-25 03:53:42",3,8,27,25.7,34.8253
"1113",8604,"8604_003_8","1986-06-25 03:53:46",3,8,27,25.7,34.81793
"1114",8604,"8604_003_8","1986-06-25 03:53:50",3,8,27,25.71,34.81031
"1115",8604,"8604_003_8","1986-06-25 03:53:54",3,8,27,25.71,34.81031
"1116",8604,"8604_003_8","1986-06-25 03:53:58",3,8,27,25.7,34.81793
"1117",8604,"8604_003_8","1986-06-25 03:54:02",3,8,27,25.71,34.81031
"1118",8604,"8604_003_8","1986-06-25 03:54:06",3,8,27,25.71,34.81767
"1119",8604,"8604_003_8","1986-06-25 03:54:10",3,8,26,25.71,34.81799
"1120",8604,"8604_003_8","1986-06-25 03:54:14",3,8,25,25.74,34.81751
"1121",8604,"8604_003_8","1986-06-25 03:54:18",3,8,24,25.74,34.81783
"1122",8604,"8604_003_8","1986-06-25 03:54:22",3,8,25,25.74,34.81751
"1123",8604,"8604_003_8","1986-06-25 03:54:26",3,8,25,25.73,34.81777
"1124",8604,"8604_003_8","1986-06-25 03:54:30",3,8,25,25.72,34.81804
"1125",8604,"8604_003_8","1986-06-25 03:54:34",3,8,25,25.72,34.81067
"1126",8604,"8604_003_8","1986-06-25 03:54:38",3,8,25,25.71,34.8183
"1127",8604,"8604_003_8","1986-06-25 03:54:42",3,8,25,25.71,34.8183
"1128",8604,"8604_003_8","1986-06-25 03:54:46",3,8,25,25.71,34.81093
"1129",8604,"8604_003_8","1986-06-25 03:54:50",3,8,25,25.71,34.8183
"1130",8604,"8604_003_8","1986-06-25 03:54:54",3,8,26,25.71,34.81799
"1131",8604,"8604_003_8","1986-06-25 03:54:58",3,8,26,25.71,34.81799
"1132",8604,"8604_003_8","1986-06-25 03:55:02",3,8,26,25.72,34.81037
"1133",8604,"8604_003_8","1986-06-25 03:55:06",3,8,26,25.71,34.81799
"1134",8604,"8604_003_8","1986-06-25 03:55:10",3,8,24,25.74,34.81783
"1135",8604,"8604_003_8","1986-06-25 03:55:14",3,8,23,25.74,34.82549
"1136",8604,"8604_003_8","1986-06-25 03:55:18",3,8,23,25.75,34.81052
"1137",8604,"8604_003_8","1986-06-25 03:55:22",3,8,23,25.75,34.81787
"1138",8604,"8604_003_8","1986-06-25 03:55:26",3,8,24,25.75,34.81756
"1139",8604,"8604_003_8","1986-06-25 03:55:30",3,8,24,25.75,34.81756
"1140",8604,"8604_003_8","1986-06-25 03:55:34",3,8,24,25.75,34.81756
"1141",8604,"8604_003_8","1986-06-25 03:55:38",3,8,24,25.75,34.81756
"1142",8604,"8604_003_8","1986-06-25 03:55:42",3,8,24,25.75,34.82492
"1143",8604,"8604_003_8","1986-06-25 03:55:46",3,8,24,25.76,34.8173
"1144",8604,"8604_003_8","1986-06-25 03:55:50",3,8,23,25.77,34.81736
"1145",8604,"8604_003_8","1986-06-25 03:55:54",3,8,22,25.77,34.81767
"1146",8604,"8604_003_8","1986-06-25 03:55:58",3,8,21,25.77,34.82533
"1147",8604,"8604_003_8","1986-06-25 03:56:02",3,8,21,25.78,34.81035
"1148",8604,"8604_003_8","1986-06-25 03:56:06",3,8,21,25.77,34.81798
"1149",8604,"8604_003_8","1986-06-25 03:56:10",3,8,21,25.77,34.81798
"1150",8604,"8604_003_8","1986-06-25 03:56:14",3,8,22,25.77,34.81767
"1151",8604,"8604_003_8","1986-06-25 03:56:18",3,8,22,25.76,34.81792
"1152",8604,"8604_003_9","1986-06-25 03:56:22",3,9,22,25.76,34.81792
"1153",8604,"8604_003_9","1986-06-25 03:56:26",3,9,22,25.76,34.81792
"1154",8604,"8604_003_9","1986-06-25 03:56:30",3,9,21,25.76,34.81823
"1155",8604,"8604_003_9","1986-06-25 03:56:34",3,9,22,25.76,34.81792
"1156",8604,"8604_003_9","1986-06-25 03:56:38",3,9,21,25.76,34.81823
"1157",8604,"8604_003_9","1986-06-25 03:56:42",3,9,20,25.76,34.81854
"1158",8604,"8604_003_9","1986-06-25 03:56:46",3,9,20,25.77,34.81093
"1159",8604,"8604_003_9","1986-06-25 03:56:50",3,9,19,25.77,34.81859
"1160",8604,"8604_003_9","1986-06-25 03:56:54",3,9,19,25.77,34.81859
"1161",8604,"8604_003_9","1986-06-25 03:56:58",3,9,18,25.77,34.81155
"1162",8604,"8604_003_9","1986-06-25 03:57:02",3,9,19,25.77,34.81123
"1163",8604,"8604_003_9","1986-06-25 03:57:06",3,9,19,25.76,34.81886
"1164",8604,"8604_003_9","1986-06-25 03:57:10",3,9,19,25.76,34.81886
"1165",8604,"8604_003_9","1986-06-25 03:57:14",3,9,19,25.76,34.81149
"1166",8604,"8604_003_9","1986-06-25 03:57:18",3,9,19,25.76,34.81886
"1167",8604,"8604_003_9","1986-06-25 03:57:22",3,9,19,25.76,34.81886
"1168",8604,"8604_003_9","1986-06-25 03:57:26",3,9,19,25.76,34.81149
"1169",8604,"8604_003_9","1986-06-25 03:57:30",3,9,19,25.76,34.81149
"1170",8604,"8604_003_9","1986-06-25 03:57:34",3,9,19,25.75,34.81912
"1171",8604,"8604_003_9","1986-06-25 03:57:38",3,9,19,25.75,34.81912
"1172",8604,"8604_003_9","1986-06-25 03:57:42",3,9,19,25.75,34.81912
"1173",8604,"8604_003_9","1986-06-25 03:57:46",3,9,19,25.75,34.81912
"1174",8604,"8604_003_9","1986-06-25 03:57:50",3,9,19,25.75,34.81912
"1175",8604,"8604_003_9","1986-06-25 03:57:54",3,9,19,25.75,34.81912
"1176",8604,"8604_003_9","1986-06-25 03:57:58",3,9,19,25.75,34.81912
"1177",8604,"8604_003_9","1986-06-25 03:58:02",3,9,19,25.76,34.81886
"1178",8604,"8604_003_9","1986-06-25 03:58:06",3,9,19,25.75,34.81912
"1179",8604,"8604_003_9","1986-06-25 03:58:10",3,9,19,25.76,34.81886
"1180",8604,"8604_003_9","1986-06-25 03:58:14",3,9,18,25.76,34.8118
"1181",8604,"8604_003_9","1986-06-25 03:58:18",3,9,17,25.76,34.81211
"1182",8604,"8604_003_9","1986-06-25 03:58:22",3,9,16,25.76,34.81243
"1183",8604,"8604_003_9","1986-06-25 03:58:26",3,9,16,25.76,34.81979
"1184",8604,"8604_003_9","1986-06-25 03:58:30",3,9,15,25.76,34.8201
"1185",8604,"8604_003_9","1986-06-25 03:58:34",3,9,16,25.76,34.81979
"1186",8604,"8604_003_9","1986-06-25 03:58:38",3,9,16,25.76,34.81979
"1187",8604,"8604_003_9","1986-06-25 03:58:42",3,9,16,25.76,34.81979
"1188",8604,"8604_003_9","1986-06-25 03:58:46",3,9,16,25.76,34.81979
"1189",8604,"8604_003_9","1986-06-25 03:58:50",3,9,16,25.76,34.81979
"1190",8604,"8604_003_9","1986-06-25 03:58:54",3,9,16,25.76,34.81979
"1191",8604,"8604_003_9","1986-06-25 03:58:58",3,9,16,25.76,34.81979
"1192",8604,"8604_003_9","1986-06-25 03:59:02",3,9,16,25.76,34.81979
"1193",8604,"8604_003_9","1986-06-25 03:59:06",3,9,16,25.76,34.81979
"1194",8604,"8604_003_9","1986-06-25 03:59:10",3,9,16,25.76,34.81979
"1195",8604,"8604_003_9","1986-06-25 03:59:14",3,9,16,25.77,34.81217
"1196",8604,"8604_003_9","1986-06-25 03:59:18",3,9,16,25.77,34.81217
"1197",8604,"8604_003_9","1986-06-25 03:59:22",3,9,16,25.77,34.81217
"1198",8604,"8604_003_9","1986-06-25 03:59:26",3,9,16,25.77,34.81217
"1199",8604,"8604_003_9","1986-06-25 03:59:30",3,9,16,25.78,34.81927
"1200",8604,"8604_003_9","1986-06-25 03:59:34",3,9,16,25.78,34.81927
"1201",8604,"8604_003_9","1986-06-25 03:59:38",3,9,16,25.78,34.81927
"1202",8604,"8604_003_9","1986-06-25 03:59:42",3,9,16,25.78,34.81927
"1203",8604,"8604_003_9","1986-06-25 03:59:46",3,9,16,25.78,34.81927
"1204",8604,"8604_003_9","1986-06-25 03:59:50",3,9,16,25.78,34.81927
"1205",8604,"8604_003_9","1986-06-25 03:59:54",3,9,16,25.78,34.81927
"1206",8604,"8604_003_9","1986-06-25 03:59:58",3,9,16,25.78,34.81927
"1207",8604,"8604_003_9","1986-06-25 04:00:02",3,9,16,25.78,34.82662
"1208",8604,"8604_003_9","1986-06-25 04:00:06",3,9,16,25.78,34.81927
"1209",8604,"8604_003_9","1986-06-25 04:00:10",3,9,16,25.79,34.81166
"1210",8604,"8604_003_9","1986-06-25 04:00:14",3,9,16,25.78,34.81927
"1211",8604,"8604_003_9","1986-06-25 04:00:18",3,9,15,25.78,34.82694
"1212",8604,"8604_003_9","1986-06-25 04:00:22",3,9,13,25.79,34.81259
"1213",8604,"8604_003_9","1986-06-25 04:00:26",3,9,13,25.8,34.81233
"1214",8604,"8604_003_9","1986-06-25 04:00:30",3,9,12,25.86,34.80375
"1215",8604,"8604_003_9","1986-06-25 04:00:34",3,9,12,25.86,34.81111
"1216",8604,"8604_003_9","1986-06-25 04:00:38",3,9,12,25.89,34.81768
"1217",8604,"8604_003_9","1986-06-25 04:00:42",3,9,12,25.84,34.81161
"1218",8604,"8604_003_9","1986-06-25 04:00:46",3,9,12,25.85,34.81135
"1219",8604,"8604_003_9","1986-06-25 04:00:50",3,9,12,25.86,34.81111
"1220",8604,"8604_003_9","1986-06-25 04:00:54",3,9,12,25.86,34.81111
"1221",8604,"8604_003_9","1986-06-25 04:00:58",3,9,12,25.86,34.80375
"1222",8604,"8604_003_9","1986-06-25 04:01:02",3,9,12,25.87,34.81084
"1223",8604,"8604_003_9","1986-06-25 04:01:06",3,9,12,25.89,34.81033
"1224",8604,"8604_003_9","1986-06-25 04:01:10",3,9,12,25.91,34.80982
"1225",8604,"8604_003_9","1986-06-25 04:01:14",3,9,12,25.91,34.80982
"1226",8604,"8604_003_9","1986-06-25 04:01:18",3,9,12,25.9,34.80273
"1227",8604,"8604_003_9","1986-06-25 04:01:22",3,9,12,25.88,34.81793
"1228",8604,"8604_003_9","1986-06-25 04:01:26",3,9,12,25.87,34.80349
"1229",8604,"8604_003_9","1986-06-25 04:01:30",3,9,12,25.9,34.80273
"1230",8604,"8604_003_9","1986-06-25 04:01:34",3,9,12,25.88,34.81057
"1231",8604,"8604_003_9","1986-06-25 04:01:38",3,9,12,25.89,34.80298
"1232",8604,"8604_003_9","1986-06-25 04:01:42",3,9,12,25.88,34.81057
"1233",8604,"8604_003_9","1986-06-25 04:01:46",3,9,12,25.89,34.81033
"1234",8604,"8604_003_9","1986-06-25 04:01:50",3,9,12,25.91,34.80982
"1235",8604,"8604_003_9","1986-06-25 04:01:54",3,9,12,25.87,34.81084
"1236",8604,"8604_003_9","1986-06-25 04:01:58",3,9,12,25.87,34.81819
"1237",8604,"8604_003_9","1986-06-25 04:02:02",3,9,12,25.87,34.81084
"1238",8604,"8604_003_9","1986-06-25 04:02:06",3,9,12,25.88,34.81057
"1239",8604,"8604_003_9","1986-06-25 04:02:10",3,9,12,25.86,34.80375
"1240",8604,"8604_003_9","1986-06-25 04:02:14",3,9,11,25.89,34.81064
"1241",8604,"8604_003_9","1986-06-25 04:02:18",3,9,10,25.89,34.81096
"1242",8604,"8604_003_9","1986-06-25 04:02:22",3,9,9,25.91,34.8034
"1243",8604,"8604_003_9","1986-06-25 04:02:26",3,9,8,25.92,34.81081
"1244",8604,"8604_003_9","1986-06-25 04:02:30",3,9,8,25.92,34.81081
"1245",8604,"8604_003_9","1986-06-25 04:02:34",3,9,8,25.92,34.81081
"1246",8604,"8604_003_9","1986-06-25 04:02:38",3,9,8,25.92,34.81081
"1247",8604,"8604_003_9","1986-06-25 04:02:42",3,9,8,25.93,34.80321
"1248",8604,"8604_003_9","1986-06-25 04:02:46",3,9,8,25.92,34.81081
"1249",8604,"8604_003_9","1986-06-25 04:02:50",3,9,8,25.93,34.81056
"1250",8604,"8604_003_9","1986-06-25 04:02:54",3,9,8,25.92,34.81081
"1251",8604,"8604_003_9","1986-06-25 04:02:58",3,9,8,25.92,34.81081
"1252",8604,"8604_003_9","1986-06-25 04:03:02",3,9,8,25.92,34.81081
"1253",8604,"8604_003_9","1986-06-25 04:03:06",3,9,8,25.93,34.81056
"1254",8604,"8604_003_9","1986-06-25 04:03:10",3,9,8,25.92,34.81081
"1255",8604,"8604_003_9","1986-06-25 04:03:14",3,9,8,25.92,34.81081
"1256",8604,"8604_003_9","1986-06-25 04:03:18",3,9,8,25.92,34.81816
"1257",8604,"8604_003_9","1986-06-25 04:03:22",3,9,8,25.92,34.81081
"1258",8604,"8604_003_9","1986-06-25 04:03:26",3,9,8,25.92,34.81081
"1259",8604,"8604_003_9","1986-06-25 04:03:30",3,9,8,25.92,34.81081
"1260",8604,"8604_003_9","1986-06-25 04:03:34",3,9,8,25.92,34.81081
"1261",8604,"8604_003_9","1986-06-25 04:03:38",3,9,8,25.92,34.81081
"1262",8604,"8604_003_9","1986-06-25 04:03:42",3,9,8,25.93,34.80321
"1263",8604,"8604_003_9","1986-06-25 04:03:46",3,9,8,25.93,34.81056
"1264",8604,"8604_003_9","1986-06-25 04:03:50",3,9,8,25.91,34.81106
"1265",8604,"8604_003_9","1986-06-25 04:03:54",3,9,8,25.92,34.81081
"1266",8604,"8604_003_9","1986-06-25 04:03:58",3,9,8,25.92,34.80346
"1267",8604,"8604_003_9","1986-06-25 04:04:02",3,9,8,25.91,34.81106
"1268",8604,"8604_003_9","1986-06-25 04:04:06",3,9,9,25.91,34.81075
"1269",8604,"8604_003_9","1986-06-25 04:04:10",3,9,8,25.91,34.81842
"1270",8604,"8604_003_9","1986-06-25 04:04:14",3,9,7,25.93,34.81822
"1271",8604,"8604_003_9","1986-06-25 04:04:18",3,9,6,25.94,34.81093
"1272",8604,"8604_003_9","1986-06-25 04:04:22",3,9,5,25.94,34.81123
"1273",8604,"8604_003_9","1986-06-25 04:04:26",3,9,5,25.94,34.80388
"1274",8604,"8604_003_9","1986-06-25 04:04:30",3,9,5,25.94,34.81123
"1275",8604,"8604_003_9","1986-06-25 04:04:34",3,9,5,25.94,34.81123
"1276",8604,"8604_003_9","1986-06-25 04:04:38",3,9,5,25.94,34.80388
"1277",8604,"8604_003_9","1986-06-25 04:04:42",3,9,5,25.94,34.80388
"1278",8604,"8604_003_9","1986-06-25 04:04:46",3,9,5,25.94,34.80388
"1279",8604,"8604_003_9","1986-06-25 04:04:50",3,9,5,25.94,34.80388
"1280",8604,"8604_003_9","1986-06-25 04:04:54",3,9,5,25.94,34.80388
"1281",8604,"8604_003_9","1986-06-25 04:04:58",3,9,5,25.94,34.80388
"1282",8604,"8604_003_9","1986-06-25 04:05:02",3,9,5,25.93,34.81149
"1283",8604,"8604_003_9","1986-06-25 04:05:06",3,9,5,25.93,34.81883
"1284",8604,"8604_003_9","1986-06-25 04:05:10",3,9,5,25.94,34.80388
"1285",8604,"8604_003_9","1986-06-25 04:05:14",3,9,5,25.94,34.81123
"1286",8604,"8604_003_9","1986-06-25 04:05:18",3,9,5,25.93,34.81149
"1287",8604,"8604_003_9","1986-06-25 04:05:22",3,9,5,25.93,34.81149
"1288",8604,"8604_003_9","1986-06-25 04:05:26",3,9,5,25.93,34.81149
"1289",8604,"8604_003_9","1986-06-25 04:05:30",3,9,4,25.93,34.81179
"1290",8604,"8604_003_9","1986-06-25 04:05:34",3,9,2,25.94,34.80482
"1291",8604,"8604_003_9","1986-06-25 04:05:38",3,9,1,25.94,34.80512
"1292",8604,"8604_003_9","1986-06-25 04:05:42",3,9,2,25.93,34.81242
"1293",8604,"8604_003_9","1986-06-25 04:05:46",3,9,2,25.93,34.80507
"1294",8604,"8604_003_9","1986-06-25 04:05:50",3,9,2,25.94,34.81216
"1295",8604,"8604_003_9","1986-06-25 04:05:54",3,9,1,25.93,34.80538
"1296",8604,"8604_003_9","1986-06-25 04:05:58",3,9,2,25.93,34.80507
"1297",8604,"8604_003_9","1986-06-25 04:06:02",3,9,2,25.93,34.80507
"1298",8604,"8604_003_9","1986-06-25 04:06:06",3,9,2,25.93,34.80507
"1299",8604,"8604_003_9","1986-06-25 04:06:10",3,9,2,25.92,34.80532
"1300",8604,"8604_003_9","1986-06-25 04:06:14",3,9,2,25.92,34.81266
"1301",8604,"8604_003_9","1986-06-25 04:06:18",3,9,2,25.93,34.81242
"1302",8604,"8604_003_9","1986-06-25 04:06:22",3,9,2,25.93,34.81242
"1303",8604,"8604_003_9","1986-06-25 04:06:26",3,9,2,25.92,34.80532
"1304",8604,"8604_003_9","1986-06-25 04:06:30",3,9,2,25.93,34.81242
"1305",8604,"8604_003_9","1986-06-25 04:06:34",3,9,2,25.94,34.80482
"1306",8604,"8604_003_9","1986-06-25 04:06:38",3,9,2,25.94,34.80482
"1307",8604,"8604_003_9","1986-06-25 04:06:42",3,9,2,25.92,34.81266
"1308",8604,"8604_003_9","1986-06-25 04:06:46",3,9,2,25.93,34.81242
"1309",8604,"8604_003_9","1986-06-25 04:06:50",3,9,2,25.93,34.80507
"1310",8604,"8604_003_9","1986-06-25 04:06:54",3,9,2,25.92,34.81266
"1311",8604,"8604_003_9","1986-06-25 04:06:58",3,9,2,25.93,34.80507
"1312",8604,"8604_003_9","1986-06-25 04:07:02",3,9,1,25.92,34.81298
"1313",8604,"8604_003_9","1986-06-25 04:07:06",3,9,0,25.93,34.80569
"1314",8604,"8604_003_9","1986-06-25 04:07:10",3,9,0,25.92,34.80594
